0x678	Error(string)
0x71a	Error(string)
0x938	Error(string)
0x988	Error(string)
0xd4f	Error(string)
0xd94	Error(string)
0xfc5	Error(string)
0x120b	Error(string)
0x136c	Error(string)
0x1493	Error(string)
0x15000xe56	Error(string)
0x15000x14a8	Error(string)
0x17ff0x154c	Error(string)
0x17ff0x1774	Error(string)
0x4dfS0x23a	Error(string)
0xba6S0x38a	Error(string)
0xc85S0x38a	Error(string)
0x1922S0x171d	Error(string)
0x197aS0x1923S0x1872S0x171d	Error(string)
0x19d4S0x1923S0x1872S0x171d	Error(string)
0x17ff0x1a9cS0x1a7bS0x1923S0x1872S0x171d	Error(string)
