0x0	CONST
0xf	CALLDATALOAD
0x4	MSTORE
0x8	LT
0x2	CONST
0x5	CONST
0x7	CALLDATASIZE
0xd	CONST
0x10	CONST
0x2f	DIV
0x31	CONST
0x36	EQ
0x3c	CONST
0x41	EQ
0x47	CONST
0x4c	EQ
0x52	CONST
0x57	EQ
0x5d	CONST
0x62	EQ
0x68	CONST
0x6d	EQ
0x73	CONST
0x78	EQ
0x7e	CONST
0x83	EQ
0x89	CONST
0x8e	EQ
0x94	CONST
0x99	EQ
0x9f	CONST
0xa4	EQ
0xaa	CONST
0xaf	EQ
0xb5	CONST
0xba	CALLVALUE
0xbc	ISZERO
0xbd	CONST
0xc1	CONST
0xc7	CONST
0xca	CONST
0xcf	CONST
0xd1	MLOAD
0xd4	CONST
0xd6	ADD
0xd9	SUB
0xdf	MLOAD
0xe2	CONST
0xe4	ADD
0xe8	MLOAD
0xea	CONST
0xec	ADD
0xf1	CONST
0xf6	LT
0xf7	ISZERO
0xf8	CONST
0xfe	ADD
0xff	MLOAD
0x102	ADD
0x104	CONST
0x107	ADD
0x10a	CONST
0x117	ADD
0x119	CONST
0x11b	AND
0x11d	ISZERO
0x11e	CONST
0x124	SUB
0x126	MLOAD
0x127	CONST
0x12a	CONST
0x12c	SUB
0x12d	CONST
0x130	EXP
0x131	SUB
0x132	NOT
0x133	AND
0x136	CONST
0x138	ADD
0x141	CONST
0x143	MLOAD
0x146	SUB
0x14a	CALLVALUE
0x14c	ISZERO
0x14d	CONST
0x151	CONST
0x157	CONST
0x15a	CONST
0x15d	CALLDATASIZE
0x15e	SUB
0x15f	CONST
0x162	LT
0x163	ISZERO
0x164	CONST
0x168	CONST
0x16e	ADD
0x172	CALLDATALOAD
0x173	CONST
0x188	AND
0x18a	CONST
0x18c	ADD
0x192	CALLDATALOAD
0x194	CONST
0x196	ADD
0x19e	CONST
0x1a3	CONST
0x1a5	MLOAD
0x1a8	ISZERO
0x1a9	ISZERO
0x1aa	ISZERO
0x1ab	ISZERO
0x1ae	CONST
0x1b0	ADD
0x1b4	CONST
0x1b6	MLOAD
0x1b9	SUB
0x1bd	CALLVALUE
0x1bf	ISZERO
0x1c0	CONST
0x1c4	CONST
0x1ca	CONST
0x1cd	CONST
0x1d2	CONST
0x1d4	MLOAD
0x1d9	CONST
0x1db	ADD
0x1df	CONST
0x1e1	MLOAD
0x1e4	SUB
0x1e8	CALLVALUE
0x1ea	ISZERO
0x1eb	CONST
0x1ef	CONST
0x1f5	CONST
0x1f8	CONST
0x1fb	CALLDATASIZE
0x1fc	SUB
0x1fd	CONST
0x200	LT
0x201	ISZERO
0x202	CONST
0x206	CONST
0x20c	ADD
0x210	CALLDATALOAD
0x211	CONST
0x226	AND
0x228	CONST
0x22a	ADD
0x230	CALLDATALOAD
0x231	CONST
0x246	AND
0x248	CONST
0x24a	ADD
0x250	CALLDATALOAD
0x252	CONST
0x254	ADD
0x25c	CONST
0x261	CONST
0x263	MLOAD
0x266	ISZERO
0x267	ISZERO
0x268	ISZERO
0x269	ISZERO
0x26c	CONST
0x26e	ADD
0x272	CONST
0x274	MLOAD
0x277	SUB
0x27b	CALLVALUE
0x27d	ISZERO
0x27e	CONST
0x282	CONST
0x288	CONST
0x28b	CONST
0x290	CONST
0x292	MLOAD
0x295	CONST
0x297	AND
0x298	CONST
0x29a	AND
0x29d	CONST
0x29f	ADD
0x2a3	CONST
0x2a5	MLOAD
0x2a8	SUB
0x2ac	CALLVALUE
0x2ae	ISZERO
0x2af	CONST
0x2b3	CONST
0x2b9	CONST
0x2bc	CONST
0x2c1	CONST
0x2c3	MLOAD
0x2c6	CONST
0x2c8	ADD
0x2cb	SUB
0x2d1	MLOAD
0x2d4	CONST
0x2d6	ADD
0x2da	MLOAD
0x2dc	CONST
0x2de	ADD
0x2e3	CONST
0x2e8	LT
0x2e9	ISZERO
0x2ea	CONST
0x2f0	ADD
0x2f1	MLOAD
0x2f4	ADD
0x2f6	CONST
0x2f9	ADD
0x2fc	CONST
0x309	ADD
0x30b	CONST
0x30d	AND
0x30f	ISZERO
0x310	CONST
0x316	SUB
0x318	MLOAD
0x319	CONST
0x31c	CONST
0x31e	SUB
0x31f	CONST
0x322	EXP
0x323	SUB
0x324	NOT
0x325	AND
0x328	CONST
0x32a	ADD
0x333	CONST
0x335	MLOAD
0x338	SUB
0x33c	CALLVALUE
0x33e	ISZERO
0x33f	CONST
0x343	CONST
0x349	CONST
0x34c	CONST
0x34f	CALLDATASIZE
0x350	SUB
0x351	CONST
0x354	LT
0x355	ISZERO
0x356	CONST
0x35a	CONST
0x360	ADD
0x364	CALLDATALOAD
0x365	CONST
0x37a	AND
0x37c	CONST
0x37e	ADD
0x386	CONST
0x38b	CONST
0x38d	MLOAD
0x392	CONST
0x394	ADD
0x398	CONST
0x39a	MLOAD
0x39d	SUB
0x3a1	CALLVALUE
0x3a3	ISZERO
0x3a4	CONST
0x3a8	CONST
0x3ae	CONST
0x3b1	CONST
0x3b6	CONST
0x3b8	MLOAD
0x3bd	CONST
0x3bf	ADD
0x3c3	CONST
0x3c5	MLOAD
0x3c8	SUB
0x3cc	CALLVALUE
0x3ce	ISZERO
0x3cf	CONST
0x3d3	CONST
0x3d9	CONST
0x3dc	CONST
0x3e1	CONST
0x3e3	MLOAD
0x3e6	CONST
0x3e8	ADD
0x3eb	SUB
0x3f1	MLOAD
0x3f4	CONST
0x3f6	ADD
0x3fa	MLOAD
0x3fc	CONST
0x3fe	ADD
0x403	CONST
0x408	LT
0x409	ISZERO
0x40a	CONST
0x410	ADD
0x411	MLOAD
0x414	ADD
0x416	CONST
0x419	ADD
0x41c	CONST
0x429	ADD
0x42b	CONST
0x42d	AND
0x42f	ISZERO
0x430	CONST
0x436	SUB
0x438	MLOAD
0x439	CONST
0x43c	CONST
0x43e	SUB
0x43f	CONST
0x442	EXP
0x443	SUB
0x444	NOT
0x445	AND
0x448	CONST
0x44a	ADD
0x453	CONST
0x455	MLOAD
0x458	SUB
0x45c	CALLVALUE
0x45e	ISZERO
0x45f	CONST
0x463	CONST
0x469	CONST
0x46c	CONST
0x471	CONST
0x473	MLOAD
0x476	CONST
0x48b	AND
0x48c	CONST
0x4a1	AND
0x4a4	CONST
0x4a6	ADD
0x4aa	CONST
0x4ac	MLOAD
0x4af	SUB
0x4b3	CALLVALUE
0x4b5	ISZERO
0x4b6	CONST
0x4ba	CONST
0x4c0	CONST
0x4c3	CONST
0x4c6	CALLDATASIZE
0x4c7	SUB
0x4c8	CONST
0x4cb	LT
0x4cc	ISZERO
0x4cd	CONST
0x4d1	CONST
0x4d7	ADD
0x4db	CALLDATALOAD
0x4dc	CONST
0x4f1	AND
0x4f3	CONST
0x4f5	ADD
0x4fb	CALLDATALOAD
0x4fd	CONST
0x4ff	ADD
0x507	CONST
0x50c	CONST
0x50e	MLOAD
0x511	ISZERO
0x512	ISZERO
0x513	ISZERO
0x514	ISZERO
0x517	CONST
0x519	ADD
0x51d	CONST
0x51f	MLOAD
0x522	SUB
0x526	CALLVALUE
0x528	ISZERO
0x529	CONST
0x52d	CONST
0x533	CONST
0x536	CONST
0x539	CALLDATASIZE
0x53a	SUB
0x53b	CONST
0x53e	LT
0x53f	ISZERO
0x540	CONST
0x544	CONST
0x54a	ADD
0x54e	CALLDATALOAD
0x54f	CONST
0x564	AND
0x566	CONST
0x568	ADD
0x56e	CALLDATALOAD
0x56f	CONST
0x584	AND
0x586	CONST
0x588	ADD
0x590	CONST
0x595	CONST
0x597	MLOAD
0x59c	CONST
0x59e	ADD
0x5a2	CONST
0x5a4	MLOAD
0x5a7	SUB
0x649	CONST
0x64c	CONST
0x64e	CONST
0x650	CALLER
0x651	CONST
0x666	AND
0x667	CONST
0x67c	AND
0x67f	CONST
0x681	ADD
0x685	CONST
0x687	ADD
0x688	CONST
0x68a	SHA3
0x68b	CONST
0x68e	CONST
0x6a3	AND
0x6a4	CONST
0x6b9	AND
0x6bc	CONST
0x6be	ADD
0x6c2	CONST
0x6c4	ADD
0x6c5	CONST
0x6c7	SHA3
0x6cd	CONST
0x6e2	AND
0x6e3	CALLER
0x6e4	CONST
0x6f9	AND
0x6fa	CONST
0x71c	CONST
0x71e	MLOAD
0x723	CONST
0x725	ADD
0x729	CONST
0x72b	MLOAD
0x72e	SUB
0x731	CONST
0x73b	CONST
0x73d	SLOAD
0x741	CONST
0x744	CONST
0x746	CONST
0x749	CONST
0x75e	AND
0x75f	CONST
0x774	AND
0x777	CONST
0x779	ADD
0x77d	CONST
0x77f	ADD
0x780	CONST
0x782	SHA3
0x783	SLOAD
0x784	LT
0x785	ISZERO
0x786	ISZERO
0x787	ISZERO
0x788	CONST
0x78c	CONST
0x791	CONST
0x793	CONST
0x796	CONST
0x7ab	AND
0x7ac	CONST
0x7c1	AND
0x7c4	CONST
0x7c6	ADD
0x7ca	CONST
0x7cc	ADD
0x7cd	CONST
0x7cf	SHA3
0x7d0	CONST
0x7d2	CALLER
0x7d3	CONST
0x7e8	AND
0x7e9	CONST
0x7fe	AND
0x801	CONST
0x803	ADD
0x807	CONST
0x809	ADD
0x80a	CONST
0x80c	SHA3
0x80d	SLOAD
0x80f	GT
0x810	ISZERO
0x811	ISZERO
0x812	ISZERO
0x813	CONST
0x817	CONST
0x81d	CONST
0x81f	CONST
0x822	CONST
0x837	AND
0x838	CONST
0x84d	AND
0x850	CONST
0x852	ADD
0x856	CONST
0x858	ADD
0x859	CONST
0x85b	SHA3
0x85c	CONST
0x860	SLOAD
0x861	SUB
0x86a	CONST
0x86c	CONST
0x86f	CONST
0x884	AND
0x885	CONST
0x89a	AND
0x89d	CONST
0x89f	ADD
0x8a3	CONST
0x8a5	ADD
0x8a6	CONST
0x8a8	SHA3
0x8a9	CONST
0x8ad	SLOAD
0x8ae	ADD
0x8b7	CONST
0x8b9	CONST
0x8bc	CONST
0x8d1	AND
0x8d2	CONST
0x8e7	AND
0x8ea	CONST
0x8ec	ADD
0x8f0	CONST
0x8f2	ADD
0x8f3	CONST
0x8f5	SHA3
0x8f6	CONST
0x8f8	CALLER
0x8f9	CONST
0x90e	AND
0x90f	CONST
0x924	AND
0x927	CONST
0x929	ADD
0x92d	CONST
0x92f	ADD
0x930	CONST
0x932	SHA3
0x933	CONST
0x937	SLOAD
0x938	SUB
0x941	CONST
0x956	AND
0x958	CONST
0x96d	AND
0x96e	CONST
0x990	CONST
0x992	MLOAD
0x997	CONST
0x999	ADD
0x99d	CONST
0x99f	MLOAD
0x9a2	SUB
0x9a5	CONST
0x9b0	CONST
0x9b2	CONST
0x9b5	SLOAD
0x9b7	CONST
0x9ba	EXP
0x9bc	DIV
0x9bd	CONST
0x9bf	AND
0xa61	CONST
0xa63	CONST
0xa67	CONST
0xa6a	CONST
0xa6c	CONST
0xa6e	SHA3
0xa6f	CONST
0xa75	SLOAD
0xa79	CONST
0xa7b	SLOAD
0xb1d	CONST
0xb1f	CONST
0xb22	SLOAD
0xb24	CONST
0xb27	EXP
0xb29	DIV
0xb2a	CONST
0xb3f	AND
0xb43	CONST
0xb46	CONST
0xb48	CONST
0xb4a	CALLER
0xb4b	CONST
0xb60	AND
0xb61	CONST
0xb76	AND
0xb79	CONST
0xb7b	ADD
0xb7f	CONST
0xb81	ADD
0xb82	CONST
0xb84	SHA3
0xb85	SLOAD
0xb86	LT
0xb87	ISZERO
0xb88	ISZERO
0xb89	ISZERO
0xb8a	CONST
0xb8e	CONST
0xb94	CONST
0xb96	CONST
0xb98	CALLER
0xb99	CONST
0xbae	AND
0xbaf	CONST
0xbc4	AND
0xbc7	CONST
0xbc9	ADD
0xbcd	CONST
0xbcf	ADD
0xbd0	CONST
0xbd2	SHA3
0xbd3	CONST
0xbd7	SLOAD
0xbd8	SUB
0xbe1	CONST
0xbe3	CONST
0xbe6	CONST
0xbfb	AND
0xbfc	CONST
0xc11	AND
0xc14	CONST
0xc16	ADD
0xc1a	CONST
0xc1c	ADD
0xc1d	CONST
0xc1f	SHA3
0xc20	CONST
0xc24	SLOAD
0xc25	ADD
0xc2e	CONST
0xc43	AND
0xc44	CALLER
0xc45	CONST
0xc5a	AND
0xc5b	CONST
0xc7d	CONST
0xc7f	MLOAD
0xc84	CONST
0xc86	ADD
0xc8a	CONST
0xc8c	MLOAD
0xc8f	SUB
0xc92	CONST
0xc9c	CONST
0xc9e	CONST
0xca2	CONST
0xca5	CONST
0xca7	CONST
0xca9	SHA3
0xcaa	CONST
0xcae	CONST
0xcb1	CONST
0xcb3	CONST
0xcb5	SHA3
0xcb6	CONST
0xcbd	SLOAD
0x19f2	CONST
0x23f2	CONST
0x2df2	CONST
0x37f2	CONST
0x41f2	CONST
0x4bf2	CONST
0x22326	CONST
0x22d26	CONST
0x23726	CONST
0x24126	CONST
0x24b26	CONST
0x25526	CONST
0x25f26	CONST
0x26926	CONST
0x27326	CONST
0x27d26	CONST
0x28726	CONST
0x29126	CONST
0x29b26	CONST
0x2a546	CONST
0x2af46	CONST
0x2b946	CONST
0x2c346	CONST
0x2cd46	CONST
0x2d746	CONST
0x2e146	CONST
0x2eb46	CONST
0x2f546	CONST
0x2ff46	CONST
0x30946	CONST
0x31346	CONST
0x31d46	CONST
0xf3_0x0	PHI
0xfc_0x0	PHI
0x13b_0x1	PHI
0x2e5_0x0	PHI
0x2ee_0x0	PHI
0x32d_0x1	PHI
0x405_0x0	PHI
0x40e_0x0	PHI
0x44d_0x1	PHI
0x602S0xc5	CONST
0x607S0xc5	SLOAD
0x608S0xc5	DIV
0x609S0xc5	MUL
0x60dS0xc5	CONST
0x60fS0xc5	ADD
0x611S0xc5	CONST
0x5abS0xc5	CONST
0x5aeS0xc5	SLOAD
0x5afS0xc5	CONST
0x5b2S0xc5	CONST
0x5b4S0xc5	AND
0x5b5S0xc5	ISZERO
0x5b6S0xc5	CONST
0x5b9S0xc5	MUL
0x5baS0xc5	SUB
0x5bbS0xc5	AND
0x5bcS0xc5	CONST
0x5bfS0xc5	DIV
0x5c1S0xc5	CONST
0x5c3S0xc5	ADD
0x5c4S0xc5	CONST
0x5c8S0xc5	DIV
0x5c9S0xc5	MUL
0x5caS0xc5	CONST
0x5ccS0xc5	ADD
0x5cdS0xc5	CONST
0x5cfS0xc5	MLOAD
0x5d2S0xc5	ADD
0x5d3S0xc5	CONST
0x5ddS0xc5	CONST
0x5dfS0xc5	ADD
0x5e2S0xc5	SLOAD
0x5e3S0xc5	CONST
0x5e6S0xc5	CONST
0x5e8S0xc5	AND
0x5e9S0xc5	ISZERO
0x5eaS0xc5	CONST
0x5edS0xc5	MUL
0x5eeS0xc5	SUB
0x5efS0xc5	AND
0x5f0S0xc5	CONST
0x5f3S0xc5	DIV
0x5f5S0xc5	ISZERO
0x5f6S0xc5	CONST
0x617S0xc5	ADD
0x61aS0xc5	CONST
0x61dS0xc5	CONST
0x61fS0xc5	CONST
0x621S0xc5	SHA3
0x55f2S0xc5	CONST
0x625S0xc5	SLOAD
0x629S0xc5	CONST
0x62bS0xc5	ADD
0x62dS0xc5	CONST
0x62fS0xc5	ADD
0x632S0xc5	GT
0x633S0xc5	CONST
0x623_0x0S0xc5	PHI
0x623_0x1S0xc5	PHI
0x5fbS0xc5	CONST
0x5fdS0xc5	LT
0x5feS0xc5	CONST
0x639S0xc5	SUB
0x63aS0xc5	CONST
0x63cS0xc5	AND
0x63eS0xc5	ADD
0x5ff2S0xc5	CONST
0xa1aS0x2b7	CONST
0xa1fS0x2b7	SLOAD
0xa20S0x2b7	DIV
0xa21S0x2b7	MUL
0xa25S0x2b7	CONST
0xa27S0x2b7	ADD
0xa29S0x2b7	CONST
0xa00S0x2b7	AND
0x9c3S0x2b7	CONST
0x9c6S0x2b7	SLOAD
0x9c7S0x2b7	CONST
0x9caS0x2b7	CONST
0x9ccS0x2b7	AND
0x9cdS0x2b7	ISZERO
0x9ceS0x2b7	CONST
0x9d1S0x2b7	MUL
0x9d2S0x2b7	SUB
0x9d3S0x2b7	AND
0x9d4S0x2b7	CONST
0x9d7S0x2b7	DIV
0x9d9S0x2b7	CONST
0x9dbS0x2b7	ADD
0x9dcS0x2b7	CONST
0x9e0S0x2b7	DIV
0x9e1S0x2b7	MUL
0x9e2S0x2b7	CONST
0x9e4S0x2b7	ADD
0x9e5S0x2b7	CONST
0x9e7S0x2b7	MLOAD
0x9eaS0x2b7	ADD
0x9ebS0x2b7	CONST
0x9f5S0x2b7	CONST
0x9f7S0x2b7	ADD
0x9faS0x2b7	SLOAD
0x9fbS0x2b7	CONST
0x9feS0x2b7	CONST
0xa01S0x2b7	ISZERO
0xa02S0x2b7	CONST
0xa05S0x2b7	MUL
0xa06S0x2b7	SUB
0xa07S0x2b7	AND
0xa08S0x2b7	CONST
0xa0bS0x2b7	DIV
0xa0dS0x2b7	ISZERO
0xa0eS0x2b7	CONST
0xa2fS0x2b7	ADD
0xa32S0x2b7	CONST
0xa35S0x2b7	CONST
0xa37S0x2b7	CONST
0xa39S0x2b7	SHA3
0x69f2S0x2b7	CONST
0xa3dS0x2b7	SLOAD
0xa41S0x2b7	CONST
0xa43S0x2b7	ADD
0xa45S0x2b7	CONST
0xa47S0x2b7	ADD
0xa4aS0x2b7	GT
0xa4bS0x2b7	CONST
0xa3b_0x0S0x2b7	PHI
0xa3b_0x1S0x2b7	PHI
0xa13S0x2b7	CONST
0xa15S0x2b7	LT
0xa16S0x2b7	CONST
0xa51S0x2b7	SUB
0xa52S0x2b7	CONST
0xa54S0x2b7	AND
0xa56S0x2b7	ADD
0x73f2S0x2b7	CONST
0xad6S0x3d7	CONST
0xadbS0x3d7	SLOAD
0xadcS0x3d7	DIV
0xaddS0x3d7	MUL
0xae1S0x3d7	CONST
0xae3S0x3d7	ADD
0xae5S0x3d7	CONST
0xa7fS0x3d7	CONST
0xa82S0x3d7	SLOAD
0xa83S0x3d7	CONST
0xa86S0x3d7	CONST
0xa88S0x3d7	AND
0xa89S0x3d7	ISZERO
0xa8aS0x3d7	CONST
0xa8dS0x3d7	MUL
0xa8eS0x3d7	SUB
0xa8fS0x3d7	AND
0xa90S0x3d7	CONST
0xa93S0x3d7	DIV
0xa95S0x3d7	CONST
0xa97S0x3d7	ADD
0xa98S0x3d7	CONST
0xa9cS0x3d7	DIV
0xa9dS0x3d7	MUL
0xa9eS0x3d7	CONST
0xaa0S0x3d7	ADD
0xaa1S0x3d7	CONST
0xaa3S0x3d7	MLOAD
0xaa6S0x3d7	ADD
0xaa7S0x3d7	CONST
0xab1S0x3d7	CONST
0xab3S0x3d7	ADD
0xab6S0x3d7	SLOAD
0xab7S0x3d7	CONST
0xabaS0x3d7	CONST
0xabcS0x3d7	AND
0xabdS0x3d7	ISZERO
0xabeS0x3d7	CONST
0xac1S0x3d7	MUL
0xac2S0x3d7	SUB
0xac3S0x3d7	AND
0xac4S0x3d7	CONST
0xac7S0x3d7	DIV
0xac9S0x3d7	ISZERO
0xacaS0x3d7	CONST
0xaebS0x3d7	ADD
0xaeeS0x3d7	CONST
0xaf1S0x3d7	CONST
0xaf3S0x3d7	CONST
0xaf5S0x3d7	SHA3
0x7df2S0x3d7	CONST
0xaf9S0x3d7	SLOAD
0xafdS0x3d7	CONST
0xaffS0x3d7	ADD
0xb01S0x3d7	CONST
0xb03S0x3d7	ADD
0xb06S0x3d7	GT
0xb07S0x3d7	CONST
0xaf7_0x0S0x3d7	PHI
0xaf7_0x1S0x3d7	PHI
0xacfS0x3d7	CONST
0xad1S0x3d7	LT
0xad2S0x3d7	CONST
0xb0dS0x3d7	SUB
0xb0eS0x3d7	CONST
0xb10S0x3d7	AND
0xb12S0x3d7	ADD
0x87f2S0x3d7	CONST
0xcd	JUMP
0x2bf	JUMP
0x3df	JUMP
0x2a566	CALLPRIVATE
0x2af66	CALLPRIVATE
0x2b966	CALLPRIVATE
0x2c366	CALLPRIVATE
0x2cd66	CALLPRIVATE
0x2d766	CALLPRIVATE
0x2e166	CALLPRIVATE
0x2eb66	CALLPRIVATE
0x2f566	CALLPRIVATE
0x2ff66	CALLPRIVATE
0x30966	CALLPRIVATE
0x31366	CALLPRIVATE
0x31d66	CALLPRIVATE
0x10d	JUMP
0x1a1	JUMP
0x1d0	JUMP
0x25f	JUMP
0x28e	JUMP
0x2ff	JUMP
0x389	JUMP
0x3b4	JUMP
0x41f	JUMP
0x46f	JUMP
0x50a	JUMP
0x593	JUMP
0x739	JUMP
0x73f	JUMP
0x9ae	JUMP
0x9c1	JUMP
0xa77	JUMP
0xa7d	JUMP
0xb41	JUMP
0xc9a	JUMP
0xcbf	JUMP
0x1a12	JUMP
0x2412	JUMP
0x2e12	JUMP
0x3812	JUMP
0x4212	JUMP
0x4c12	JUMP
0xc0	JUMPI
0xfb	JUMPI
0x121	JUMPI
0x150	JUMPI
0x167	JUMPI
0x1c3	JUMPI
0x1ee	JUMPI
0x205	JUMPI
0x281	JUMPI
0x2b2	JUMPI
0x2ed	JUMPI
0x313	JUMPI
0x342	JUMPI
0x359	JUMPI
0x3a7	JUMPI
0x3d2	JUMPI
0x40d	JUMPI
0x433	JUMPI
0x462	JUMPI
0x4b9	JUMPI
0x4d0	JUMPI
0x52c	JUMPI
0x543	JUMPI
0x78b	JUMPI
0x816	JUMPI
0xb8d	JUMPI
0x22346	JUMPI
0x22d46	JUMPI
0x23746	JUMPI
0x24146	JUMPI
0x24b46	JUMPI
0x25546	JUMPI
0x25f46	JUMPI
0x26946	JUMPI
0x27346	JUMPI
0x27d46	JUMPI
0x28746	JUMPI
0x29146	JUMPI
0x29b46	JUMPI
0x730	LOG3
0x9a4	LOG3
0xc91	LOG3
0x148	RETURN
0x1bb	RETURN
0x1e6	RETURN
0x279	RETURN
0x2aa	RETURN
0x33a	RETURN
0x39f	RETURN
0x3ca	RETURN
0x45a	RETURN
0x4b1	RETURN
0x524	RETURN
0x5a9	RETURN
0xb8	REVERT
0xc4	REVERT
0x154	REVERT
0x16b	REVERT
0x1c7	REVERT
0x1f2	REVERT
0x209	REVERT
0x285	REVERT
0x2b6	REVERT
0x346	REVERT
0x35d	REVERT
0x3ab	REVERT
0x3d6	REVERT
0x466	REVERT
0x4bd	REVERT
0x4d4	REVERT
0x530	REVERT
0x547	REVERT
0x78f	REVERT
0x81a	REVERT
0xb91	REVERT
0xdb	MSTORE
0xe1	MSTORE
0x103	MSTORE
0x135	MSTORE
0x1ad	MSTORE
0x1d8	MSTORE
0x26b	MSTORE
0x29c	MSTORE
0x2cd	MSTORE
0x2d3	MSTORE
0x2f5	MSTORE
0x327	MSTORE
0x391	MSTORE
0x3bc	MSTORE
0x3ed	MSTORE
0x3f3	MSTORE
0x415	MSTORE
0x447	MSTORE
0x4a3	MSTORE
0x516	MSTORE
0x59b	MSTORE
0x67e	MSTORE
0x684	MSTORE
0x6bb	MSTORE
0x6c1	MSTORE
0x722	MSTORE
0x776	MSTORE
0x77c	MSTORE
0x7c3	MSTORE
0x7c9	MSTORE
0x800	MSTORE
0x806	MSTORE
0x84f	MSTORE
0x855	MSTORE
0x89c	MSTORE
0x8a2	MSTORE
0x8e9	MSTORE
0x8ef	MSTORE
0x926	MSTORE
0x92c	MSTORE
0x996	MSTORE
0xa65	MSTORE
0xa69	MSTORE
0xb78	MSTORE
0xb7e	MSTORE
0xbc6	MSTORE
0xbcc	MSTORE
0xc13	MSTORE
0xc19	MSTORE
0xc83	MSTORE
0xca0	MSTORE
0xca4	MSTORE
0xcac	MSTORE
0xcb0	MSTORE
0x6ca	SSTORE
0x867	SSTORE
0x8b4	SSTORE
0x93e	SSTORE
0xbde	SSTORE
0xc2b	SSTORE
0x614S0xc5	JUMP
0x60bS0xc5	MSTORE
0x5f9S0xc5	JUMPI
0x5d5S0xc5	MSTORE
0x5dcS0xc5	MSTORE
0x1104bS0xc5	JUMP
0x5612S0xc5	JUMP
0x61cS0xc5	MSTORE
0x11072S0xc5	JUMP
0x636S0xc5	JUMPI
0x627S0xc5	MSTORE
0x11135S0xc5	JUMP
0x601S0xc5	JUMPI
0x6012S0xc5	JUMP
0xa2cS0x2b7	JUMP
0xa23S0x2b7	MSTORE
0xa11S0x2b7	JUMPI
0x9edS0x2b7	MSTORE
0x9f4S0x2b7	MSTORE
0x11099S0x2b7	JUMP
0x6a12S0x2b7	JUMP
0xa34S0x2b7	MSTORE
0x110c0S0x2b7	JUMP
0xa4eS0x2b7	JUMPI
0xa3fS0x2b7	MSTORE
0x1115cS0x2b7	JUMP
0xa19S0x2b7	JUMPI
0x7412S0x2b7	JUMP
0xae8S0x3d7	JUMP
0xadfS0x3d7	MSTORE
0xacdS0x3d7	JUMPI
0xaa9S0x3d7	MSTORE
0xab0S0x3d7	MSTORE
0x110e7S0x3d7	JUMP
0x7e12S0x3d7	JUMP
0xaf0S0x3d7	MSTORE
0x1110eS0x3d7	JUMP
0xb0aS0x3d7	JUMPI
0xafbS0x3d7	MSTORE
0x11183S0x3d7	JUMP
0xad5S0x3d7	JUMPI
0x8812S0x3d7	JUMP
