[0xff5e1ec7, nil]	0x0
[0xff5e1ec7, nil]	0xd
[0xff5e1ec7, nil]	0x41
[0xff5e1ec7, nil]	0x4c
[0xff5e1ec7, nil]	0x57
[0xff5e1ec7, nil]	0x62
[0xff5e1ec7, nil]	0x6d
[0xff5e1ec7, nil]	0x784c
[0xff5e1ec7, nil]	0x824c
[0xff5e1ec7, nil]	0x8c4c
[0xff5e1ec7, nil]	0x964c
[0xff5e1ec7, nil]	0xa04c
[0xff5e1ec7, nil]	0xaa4c
[0xff5e1ec7, nil]	0xb44c
[0x00000000, nil]	0x78
[0x00000000, nil]	0x81
[0x16cc9022, nil]	0x83
[0x16cc9022, nil]	0x8b
[0x16cc9022, nil]	0x8f
[0x16cc9022, nil]	0xc4
[0x00000000, [0x78, nil]]	0x200
[0x00000000, [0x78, nil]]	0x210
[0x00000000, [0x78, nil]]	0x219
[0x00000000, [0x78, nil]]	0x230
[0x00000000, [0x78, nil]]	0x240
[0x00000000, [0x78, nil]]	0x2b5
[0x2c4e722e, nil]	0xc6
[0x2c4e722e, nil]	0xce
[0x2c4e722e, nil]	0xd2
[0x2c4e722e, nil]	0xdb
[0x16cc9022, [0x8f, nil]]	0x2ba
[0x16cc9022, [0x8f, nil]]	0x312
[0x16cc9022, [0x8f, nil]]	0x316
[0x4042b66f, nil]	0xf1
[0x4042b66f, nil]	0xf9
[0x4042b66f, nil]	0xfd
[0x4042b66f, nil]	0x106
[0x00000000, [0x200, [0x78, nil]]]	0x3b1
[0x00000000, [0x200, [0x78, nil]]]	0x3e9
[0x00000000, [0x200, [0x78, nil]]]	0x3ed
[0x00000000, [0x200, [0x78, nil]]]	0x3f9
[0x00000000, [0x200, [0x78, nil]]]	0x3fd
[0x2c4e722e, [0xd2, nil]]	0x35a
[0x521eb273, nil]	0x11c
[0x521eb273, nil]	0x124
[0x521eb273, nil]	0x128
[0x521eb273, nil]	0x131
[0x4042b66f, [0xfd, nil]]	0x360
[0xec8ac4d8, nil]	0x173
[0xec8ac4d8, nil]	0x1a7
[0x521eb273, [0x128, nil]]	0x366
[0xfc0c546a, nil]	0x1a9
[0xfc0c546a, nil]	0x1b1
[0xfc0c546a, nil]	0x1b5
[0xfc0c546a, nil]	0x1be
[0xec8ac4d8, [0x173, nil]]	0x200
[0xec8ac4d8, [0x173, nil]]	0x210
[0xec8ac4d8, [0x173, nil]]	0x219
[0xec8ac4d8, [0x173, nil]]	0x230
[0xec8ac4d8, [0x173, nil]]	0x240
[0xec8ac4d8, [0x173, nil]]	0x2b5
[0xfc0c546a, [0x1b5, nil]]	0x38c
[0x00000000, [0x210, [0x78, nil]]]	0x401
[0x00000000, [0x210, [0x78, nil]]]	0x418
[0xec8ac4d8, [0x200, [0x173, nil]]]	0x3b1
[0xec8ac4d8, [0x200, [0x173, nil]]]	0x3e9
[0xec8ac4d8, [0x200, [0x173, nil]]]	0x3ed
[0xec8ac4d8, [0x200, [0x173, nil]]]	0x3f9
[0xec8ac4d8, [0x200, [0x173, nil]]]	0x3fd
[0x00000000, [0x401, [0x210, [0x78, nil]]]]	0x5b4
[0x00000000, [0x401, [0x210, [0x78, nil]]]]	0x5bf
[0x00000000, [0x401, [0x210, [0x78, nil]]]]	0x5c7
[0x00000000, [0x401, [0x210, [0x78, nil]]]]	0x5d7
[0x00000000, [0x401, [0x210, [0x78, nil]]]]	0x5d8
[0x00000000, [0x401, [0x210, [0x78, nil]]]]	0x5e1
[0x00000000, [0x401, [0x210, [0x78, nil]]]]	0x5e2
[0x00000000, [0x401, [0x210, [0x78, nil]]]]	0x18ec
[0x00000000, [0x401, [0x210, [0x78, nil]]]]	0x1911
[0xec8ac4d8, [0x210, [0x173, nil]]]	0x401
[0xec8ac4d8, [0x210, [0x173, nil]]]	0x418
[0xec8ac4d8, [0x401, [0x210, [0x173, nil]]]]	0x5b4
[0xec8ac4d8, [0x401, [0x210, [0x173, nil]]]]	0x5bf
[0xec8ac4d8, [0x401, [0x210, [0x173, nil]]]]	0x5c7
[0xec8ac4d8, [0x401, [0x210, [0x173, nil]]]]	0x5d7
[0xec8ac4d8, [0x401, [0x210, [0x173, nil]]]]	0x5d8
[0xec8ac4d8, [0x401, [0x210, [0x173, nil]]]]	0x5e1
[0xec8ac4d8, [0x401, [0x210, [0x173, nil]]]]	0x5e2
[0xec8ac4d8, [0x401, [0x210, [0x173, nil]]]]	0x18ec
[0xec8ac4d8, [0x401, [0x210, [0x173, nil]]]]	0x1911
[0x00000000, [0x219, [0x78, nil]]]	0x41f
[0x00000000, [0x219, [0x78, nil]]]	0x431
[0x00000000, [0x219, [0x78, nil]]]	0x432
[0x00000000, [0x230, [0x78, nil]]]	0x43b
[0x00000000, [0x230, [0x78, nil]]]	0x4fb
[0x00000000, [0x230, [0x78, nil]]]	0x4ff
[0x00000000, [0x230, [0x78, nil]]]	0x50a
[0x00000000, [0x230, [0x78, nil]]]	0x513
[0x00000000, [0x230, [0x78, nil]]]	0x525
[0x00000000, [0x230, [0x78, nil]]]	0x529
[0x00000000, [0x230, [0x78, nil]]]	0x541
[0x00000000, [0x230, [0x78, nil]]]	0x545
[0xec8ac4d8, [0x219, [0x173, nil]]]	0x41f
[0xec8ac4d8, [0x219, [0x173, nil]]]	0x431
[0xec8ac4d8, [0x219, [0x173, nil]]]	0x432
[0xec8ac4d8, [0x230, [0x173, nil]]]	0x43b
[0xec8ac4d8, [0x230, [0x173, nil]]]	0x4fb
[0xec8ac4d8, [0x230, [0x173, nil]]]	0x4ff
[0xec8ac4d8, [0x230, [0x173, nil]]]	0x50a
[0xec8ac4d8, [0x230, [0x173, nil]]]	0x513
[0xec8ac4d8, [0x230, [0x173, nil]]]	0x525
[0xec8ac4d8, [0x230, [0x173, nil]]]	0x529
[0xec8ac4d8, [0x230, [0x173, nil]]]	0x541
[0xec8ac4d8, [0x230, [0x173, nil]]]	0x545
[0x00000000, [0x240, [0x78, nil]]]	0x549
[0x00000000, [0x240, [0x78, nil]]]	0x5a8
[0x00000000, [0x240, [0x78, nil]]]	0x5b1
[0xec8ac4d8, [0x240, [0x173, nil]]]	0x549
[0xec8ac4d8, [0x240, [0x173, nil]]]	0x5a8
[0xec8ac4d8, [0x240, [0x173, nil]]]	0x5b1
