0x0	0x60
0x2	0x40
0x5	0x4
0xd	0x0
0x10	0x100000000000000000000000000000000000000000000000000000000
0x30	0xffffffff
0x37	0x6fdde03
0x42	0x95ea7b3
0x4d	0xa9ffdb7
0x58	0x13b53153
0x63	0x18160ddd
0x6e	0x23b872dd
0x79	0x26a21575
0x84	0x313ce567
0x8f	0x32513ce5
0x9a	0x4172d080
0xa5	0x4477c5da
0xb0	0x4a36df25
0xbb	0x54fd4d50
0xc6	0x6fe3a567
0xd1	0x70a08231
0xdc	0x771282f6
0xe7	0x775c46cd
0xf2	0x79c65068
0xfd	0x8fd3ab80
0x108	0x95d89b41
0x113	0x98e52f9a
0x11e	0xa6f9dae1
0x129	0xa81c3bdf
0x134	0xa9059cbb
0x13f	0xb921e163
0x14a	0xcb7b8673
0x155	0xd648a647
0x160	0xdd62ed3e
0x16b	0xe28d717b
0x176	0xff29507d
0x181	0x0
0x183	0x5
0x185	0x14
0x18a	0x100
0x18d	0x10000000000000000000000000000000000000000
0x190	0xff
0x195	0x19d
0x199	0x0
0x19e	0x0
0x1a3	0x1ab
0x1a7	0x0
0x1ac	0x6
0x1b2	0x1ba
0x1b6	0x0
0x1bb	0x7
0x1c1	0x1c9
0x1c5	0x0
0x1ca	0x1d5
0x1ce	0xb
0x1d1	0xa13
0x1d8	0x8
0x1db	0x9
0x1e2	0x1ea
0x1e6	0x0
0x1eb	0x1f6
0x1ee	0x9
0x1f2	0xa46
0x1f7	0x9
0x1fe	0x1
0x200	0x0
0x203	0xffffffffffffffffffffffffffffffffffffffff
0x219	0xffffffffffffffffffffffffffffffffffffffff
0x231	0x20
0x233	0x20
0x237	0x20
0x239	0x40
0x23a	0x0
0x23d	0x0
0x24b	0xffffffffffffffffffffffffffffffffffffffff
0x261	0x7ba26a0f068612fb882b3272004674d21fed286c2c8c795cf653044690b32db4
0x283	0x40
0x28a	0x20
0x290	0x40
0x295	0x20
0x29d	0x2a5
0x2a1	0x0
0x2a6	0x2ad
0x2a9	0xa70
0x2ae	0x40
0x2b3	0x20
0x2b8	0x20
0x2be	0x4
0x2c1	0x20
0x2c7	0x4
0x2c9	0x20
0x2d0	0x0
0x2d7	0x2ed
0x2e3	0x20
0x2e9	0x2d2
0x2f8	0x1f
0x2fa	0x4
0x2fc	0x0
0x2fd	0x31a
0x306	0x1
0x309	0x20
0x30b	0x1c
0x30c	0x100
0x30f	0x100000000000000000000000000000000000000000000000000000000
0x310	0xffffffffffffffffffffffffffffffffffffffffffffffffffffffff
0x311	0xffffffff00000000000000000000000000000000000000000000000000000000
0x315	0x20
0x320	0x40
0x32b	0x333
0x32f	0x0
0x334	0x368
0x337	0x4
0x33c	0xffffffffffffffffffffffffffffffffffffffff
0x353	0x20
0x355	0x24
0x35c	0x20
0x35e	0x44
0x364	0xaa9
0x369	0x40
0x36e	0x0
0x36f	0x1
0x370	0x0
0x371	0x1
0x374	0x20
0x37a	0x40
0x37f	0x20
0x385	0x38d
0x389	0x0
0x38e	0x3c2
0x391	0x4
0x396	0xffffffffffffffffffffffffffffffffffffffff
0x3ad	0x20
0x3af	0x24
0x3b6	0x20
0x3b8	0x44
0x3be	0xb9b
0x3c7	0x3cf
0x3cb	0x0
0x3d0	0x3d7
0x3d3	0xd1c
0x3d8	0x40
0x3e3	0x20
0x3e9	0x40
0x3ee	0x20
0x3f4	0x3fc
0x3f8	0x0
0x3fd	0x404
0x400	0xd2f
0x405	0x40
0x40c	0x20
0x412	0x40
0x417	0x20
0x41d	0x425
0x421	0x0
0x426	0x479
0x429	0x4
0x42e	0xffffffffffffffffffffffffffffffffffffffff
0x445	0x20
0x447	0x24
0x44d	0xffffffffffffffffffffffffffffffffffffffff
0x464	0x20
0x466	0x44
0x46d	0x20
0x46f	0x64
0x475	0xd35
0x47a	0x40
0x485	0x20
0x48b	0x40
0x490	0x20
0x496	0x49e
0x49a	0x0
0x49f	0x4a6
0x4a2	0xfb1
0x4a7	0x40
0x4ae	0x20
0x4b4	0x40
0x4b9	0x20
0x4bf	0x4c7
0x4c3	0x0
0x4c8	0x4cf
0x4cb	0xfb7
0x4d0	0x40
0x4d7	0x20
0x4dd	0x40
0x4e2	0x20
0x4e8	0x4f0
0x4ec	0x0
0x4f1	0x4f8
0x4f4	0xfbc
0x4f9	0x40
0x4fe	0xffffffffffffffffffffffffffffffffffffffff
0x514	0xffffffffffffffffffffffffffffffffffffffff
0x52c	0x20
0x532	0x40
0x537	0x20
0x53d	0x545
0x541	0x0
0x546	0x54d
0x549	0xfe2
0x54e	0x40
0x555	0x20
0x55b	0x40
0x560	0x20
0x566	0x56e
0x56a	0x0
0x56f	0x576
0x572	0xfe8
0x57b	0x583
0x57f	0x0
0x584	0x5af
0x587	0x4
0x58c	0xffffffffffffffffffffffffffffffffffffffff
0x5a3	0x20
0x5a5	0x24
0x5ab	0x107c
0x5b4	0x5bc
0x5b8	0x0
0x5bd	0x5c4
0x5c0	0x1177
0x5c5	0x40
0x5ca	0x20
0x5cf	0x20
0x5d8	0x20
0x5e0	0x20
0x5e7	0x0
0x5ee	0x604
0x5fa	0x20
0x600	0x5e9
0x60f	0x1f
0x614	0x631
0x61d	0x1
0x620	0x20
0x623	0x100
0x62c	0x20
0x637	0x40
0x642	0x64a
0x646	0x0
0x64b	0x652
0x64e	0x1215
0x653	0x40
0x65a	0x20
0x660	0x40
0x665	0x20
0x66b	0x673
0x66f	0x0
0x674	0x69f
0x677	0x4
0x67c	0xffffffffffffffffffffffffffffffffffffffff
0x693	0x20
0x695	0x24
0x69b	0x121b
0x6a0	0x40
0x6a7	0x20
0x6ad	0x40
0x6b2	0x20
0x6b8	0x6c0
0x6bc	0x0
0x6c1	0x6c8
0x6c4	0x1264
0x6c9	0x40
0x6d0	0x20
0x6d6	0x40
0x6db	0x20
0x6e1	0x6e9
0x6e5	0x0
0x6ea	0x708
0x6ed	0x4
0x6f3	0x20
0x6f5	0x24
0x6fc	0x20
0x6fe	0x44
0x704	0x126a
0x70d	0x715
0x711	0x0
0x716	0x74a
0x719	0x4
0x71e	0xffffffffffffffffffffffffffffffffffffffff
0x735	0x20
0x737	0x24
0x73e	0x20
0x740	0x44
0x746	0x1329
0x74f	0x757
0x753	0x0
0x758	0x75f
0x75b	0x1399
0x764	0x76c
0x768	0x0
0x76d	0x774
0x770	0x15f4
0x775	0x40
0x77a	0x20
0x77f	0x20
0x785	0x5
0x788	0x20
0x78e	0x5
0x790	0x20
0x797	0x0
0x79e	0x7b4
0x7aa	0x20
0x7b0	0x799
0x7bf	0x1f
0x7c1	0x5
0x7c3	0x0
0x7c4	0x7e1
0x7cd	0x1
0x7d0	0x20
0x7d2	0x1b
0x7d3	0x100
0x7d6	0x1000000000000000000000000000000000000000000000000000000
0x7d7	0xffffffffffffffffffffffffffffffffffffffffffffffffffffff
0x7d8	0xffffffffff000000000000000000000000000000000000000000000000000000
0x7dc	0x20
0x7e7	0x40
0x7f2	0x7fa
0x7f6	0x0
0x7fb	0x810
0x7fe	0x4
0x804	0x20
0x806	0x24
0x80c	0x162d
0x815	0x81d
0x819	0x0
0x81e	0x849
0x821	0x4
0x826	0xffffffffffffffffffffffffffffffffffffffff
0x83d	0x20
0x83f	0x24
0x845	0x16f6
0x84e	0x856
0x852	0x0
0x857	0x85e
0x85a	0x17d0
0x85f	0x40
0x864	0xffffffffffffffffffffffffffffffffffffffff
0x87a	0xffffffffffffffffffffffffffffffffffffffff
0x892	0x20
0x898	0x40
0x89d	0x20
0x8a3	0x8ab
0x8a7	0x0
0x8ac	0x8e0
0x8af	0x4
0x8b4	0xffffffffffffffffffffffffffffffffffffffff
0x8cb	0x20
0x8cd	0x24
0x8d4	0x20
0x8d6	0x44
0x8dc	0x17f6
0x8e1	0x40
0x8ec	0x20
0x8f2	0x40
0x8f7	0x20
0x8fd	0x905
0x901	0x0
0x906	0x91b
0x909	0x4
0x90f	0x20
0x911	0x24
0x917	0x195f
0x920	0x928
0x924	0x0
0x929	0x93e
0x92c	0x4
0x932	0x20
0x934	0x24
0x93a	0x1a28
0x943	0x94b
0x947	0x0
0x94c	0x953
0x94f	0x1aab
0x954	0x40
0x95b	0x20
0x961	0x40
0x966	0x20
0x96c	0x974
0x970	0x0
0x975	0x9bf
0x978	0x4
0x97d	0xffffffffffffffffffffffffffffffffffffffff
0x994	0x20
0x996	0x24
0x99c	0xffffffffffffffffffffffffffffffffffffffff
0x9b3	0x20
0x9b5	0x44
0x9bb	0x1ab1
0x9c0	0x40
0x9c7	0x20
0x9cd	0x40
0x9d2	0x20
0x9d8	0x9e0
0x9dc	0x0
0x9e1	0x9e8
0x9e4	0x1b38
0x9ed	0x9f5
0x9f1	0x0
0x9f6	0x9fd
0x9f9	0x1c34
0x9fe	0x40
0xa05	0x20
0xa0b	0x40
0xa10	0x20
0xa14	0x0
0xa1c	0x0
0xa21	0xa34
0xa2c	0xa31
0xa37	0xa3c
0xa47	0x0
0xa55	0xa5e
0xa61	0xa66
0xa71	0x40
0xa78	0x40
0xa7c	0x4
0xa80	0x20
0xa83	0x6162636400000000000000000000000000000000000000000000000000000000
0xaaa	0x0
0xaad	0x2
0xaaf	0x0
0xab2	0xffffffffffffffffffffffffffffffffffffffff
0xac8	0xffffffffffffffffffffffffffffffffffffffff
0xae0	0x20
0xae2	0x20
0xae6	0x20
0xae8	0x40
0xae9	0x0
0xaec	0x0
0xaef	0xffffffffffffffffffffffffffffffffffffffff
0xb05	0xffffffffffffffffffffffffffffffffffffffff
0xb1d	0x20
0xb1f	0x20
0xb23	0x20
0xb25	0x40
0xb26	0x0
0xb2e	0xffffffffffffffffffffffffffffffffffffffff
0xb45	0xffffffffffffffffffffffffffffffffffffffff
0xb5b	0x8c5be1e5ebec7d5bd14f71427d1e84f3dd0314c0f7b2291e5b200ac8c7c3b925
0xb7d	0x40
0xb84	0x20
0xb8a	0x40
0xb8f	0x20
0xb92	0x1
0xb9c	0x0
0xb9e	0x4
0xba0	0x0
0xba5	0x100
0xba8	0x1
0xbab	0xffffffffffffffffffffffffffffffffffffffff
0xbc1	0xffffffffffffffffffffffffffffffffffffffff
0xbd8	0xffffffffffffffffffffffffffffffffffffffff
0xbf1	0xbf9
0xbf5	0x0
0xbfa	0x0
0xbff	0xc07
0xc03	0x0
0xc08	0x0
0xc0a	0xffffffffffffffffffffffffffffffffffffffff
0xc1f	0x0
0xc21	0xffffffffffffffffffffffffffffffffffffffff
0xc39	0xc41
0xc3d	0x0
0xc42	0xc55
0xc45	0xc4d
0xc49	0x1c3a
0xc4e	0xb
0xc51	0xa13
0xc58	0x8
0xc5b	0x9
0xc62	0xc6a
0xc66	0x0
0xc6b	0xc76
0xc6e	0x9
0xc72	0xa46
0xc77	0x9
0xc7e	0x1
0xc80	0x0
0xc83	0xffffffffffffffffffffffffffffffffffffffff
0xc99	0xffffffffffffffffffffffffffffffffffffffff
0xcb1	0x20
0xcb3	0x20
0xcb7	0x20
0xcb9	0x40
0xcba	0x0
0xcbd	0x0
0xccb	0xffffffffffffffffffffffffffffffffffffffff
0xce1	0x1aee3ddc9eba03c98b273cd914e999b78162e1ddd1c022045394f635a469e105
0xd03	0x40
0xd0a	0x20
0xd10	0x40
0xd15	0x20
0xd1d	0x5
0xd1f	0x14
0xd24	0x100
0xd27	0x10000000000000000000000000000000000000000
0xd2a	0xff
0xd30	0x0
0xd36	0x0
0xd39	0x1
0xd3b	0x0
0xd3e	0xffffffffffffffffffffffffffffffffffffffff
0xd54	0xffffffffffffffffffffffffffffffffffffffff
0xd6c	0x20
0xd6e	0x20
0xd72	0x20
0xd74	0x40
0xd75	0x0
0xd7d	0xe02
0xd83	0x2
0xd85	0x0
0xd88	0xffffffffffffffffffffffffffffffffffffffff
0xd9e	0xffffffffffffffffffffffffffffffffffffffff
0xdb6	0x20
0xdb8	0x20
0xdbc	0x20
0xdbe	0x40
0xdbf	0x0
0xdc2	0x0
0xdc5	0xffffffffffffffffffffffffffffffffffffffff
0xddb	0xffffffffffffffffffffffffffffffffffffffff
0xdf3	0x20
0xdf5	0x20
0xdf9	0x20
0xdfb	0x40
0xdfc	0x0
0xe05	0xe0e
0xe0a	0x0
0xe10	0xfa5
0xe15	0x1
0xe17	0x0
0xe1a	0xffffffffffffffffffffffffffffffffffffffff
0xe30	0xffffffffffffffffffffffffffffffffffffffff
0xe48	0x20
0xe4a	0x20
0xe4e	0x20
0xe50	0x40
0xe51	0x0
0xe54	0x0
0xe62	0x1
0xe64	0x0
0xe67	0xffffffffffffffffffffffffffffffffffffffff
0xe7d	0xffffffffffffffffffffffffffffffffffffffff
0xe95	0x20
0xe97	0x20
0xe9b	0x20
0xe9d	0x40
0xe9e	0x0
0xea1	0x0
0xeaf	0x2
0xeb1	0x0
0xeb4	0xffffffffffffffffffffffffffffffffffffffff
0xeca	0xffffffffffffffffffffffffffffffffffffffff
0xee2	0x20
0xee4	0x20
0xee8	0x20
0xeea	0x40
0xeeb	0x0
0xeee	0x0
0xef1	0xffffffffffffffffffffffffffffffffffffffff
0xf07	0xffffffffffffffffffffffffffffffffffffffff
0xf1f	0x20
0xf21	0x20
0xf25	0x20
0xf27	0x40
0xf28	0x0
0xf2b	0x0
0xf39	0xffffffffffffffffffffffffffffffffffffffff
0xf50	0xffffffffffffffffffffffffffffffffffffffff
0xf66	0xddf252ad1be2c89b69c2b068fc378daa952ba7f163c4a11628f55a4df523b3ef
0xf88	0x40
0xf8f	0x20
0xf95	0x40
0xf9a	0x20
0xf9d	0x1
0xfa1	0x18adc
0xfa6	0x0
0xfb2	0x9
0xfb8	0x12
0xfbd	0x5
0xfbf	0x0
0xfc4	0x100
0xfc7	0x1
0xfca	0xffffffffffffffffffffffffffffffffffffffff
0xfe3	0xb
0xfe9	0x4
0xfeb	0x0
0xff0	0x100
0xff3	0x1
0xff6	0xffffffffffffffffffffffffffffffffffffffff
0x100c	0xffffffffffffffffffffffffffffffffffffffff
0x1023	0xffffffffffffffffffffffffffffffffffffffff
0x103c	0x1044
0x1040	0x0
0x1045	0x5
0x1047	0x14
0x104c	0x100
0x104f	0x10000000000000000000000000000000000000000
0x1052	0xff
0x1057	0x105f
0x105b	0x0
0x1060	0x0
0x1062	0x5
0x1064	0x14
0x1066	0x100
0x1069	0x10000000000000000000000000000000000000000
0x106d	0xff
0x106f	0xff0000000000000000000000000000000000000000
0x1070	0xffffffffffffffffffffff00ffffffffffffffffffffffffffffffffffffffff
0x1074	0x1
0x1075	0x0
0x1076	0x0
0x107d	0x4
0x107f	0x0
0x1084	0x100
0x1087	0x1
0x108a	0xffffffffffffffffffffffffffffffffffffffff
0x10a0	0xffffffffffffffffffffffffffffffffffffffff
0x10b7	0xffffffffffffffffffffffffffffffffffffffff
0x10d0	0x10d8
0x10d4	0x0
0x10d9	0x5
0x10db	0x0
0x10e0	0x100
0x10e3	0x1
0x10e6	0xffffffffffffffffffffffffffffffffffffffff
0x10fc	0xffffffffffffffffffffffffffffffffffffffff
0x1113	0xffffffffffffffffffffffffffffffffffffffff
0x112b	0x1133
0x112f	0x0
0x1135	0x5
0x1137	0x0
0x1139	0x100
0x113c	0x1
0x1140	0xffffffffffffffffffffffffffffffffffffffff
0x1155	0xffffffffffffffffffffffffffffffffffffffff
0x1156	0xffffffffffffffffffffffff0000000000000000000000000000000000000000
0x115a	0xffffffffffffffffffffffffffffffffffffffff
0x1216	0xa
0x121c	0x0
0x121e	0x1
0x1220	0x0
0x1223	0xffffffffffffffffffffffffffffffffffffffff
0x1239	0xffffffffffffffffffffffffffffffffffffffff
0x1251	0x20
0x1253	0x20
0x1257	0x20
0x1259	0x40
0x125a	0x0
0x1265	0x8
0x126b	0x4
0x126d	0x0
0x1272	0x100
0x1275	0x1
0x1278	0xffffffffffffffffffffffffffffffffffffffff
0x128e	0xffffffffffffffffffffffffffffffffffffffff
0x12a5	0xffffffffffffffffffffffffffffffffffffffff
0x12be	0x12c6
0x12c2	0x0
0x12c7	0x5
0x12c9	0x14
0x12ce	0x100
0x12d1	0x10000000000000000000000000000000000000000
0x12d4	0xff
0x12d8	0x12e0
0x12dc	0x0
0x12e6	0x12ee
0x12ea	0x0
0x12f4	0x12fc
0x12f8	0x0
0x12fe	0x6
0x1305	0x7
0x130b	0x1
0x130d	0x5
0x130f	0x14
0x1311	0x100
0x1314	0x10000000000000000000000000000000000000000
0x1318	0xff
0x131a	0xff0000000000000000000000000000000000000000
0x131b	0xffffffffffffffffffffff00ffffffffffffffffffffffffffffffffffffffff
0x131f	0x0
0x1320	0x1
0x1321	0x10000000000000000000000000000000000000000
0x139a	0x0
0x139d	0x5
0x139f	0x14
0x13a4	0x100
0x13a7	0x10000000000000000000000000000000000000000
0x13aa	0xff
0x13ae	0x13b6
0x13b2	0x0
0x13b7	0x0
0x13b9	0xffffffffffffffffffffffffffffffffffffffff
0x13ce	0x0
0x13cf	0x5
0x13d1	0x0
0x13d6	0x100
0x13d9	0x1
0x13dc	0xffffffffffffffffffffffffffffffffffffffff
0x13f2	0xffffffffffffffffffffffffffffffffffffffff
0x140a	0x1412
0x140e	0x0
0x1413	0x1
0x1415	0x0
0x1418	0xffffffffffffffffffffffffffffffffffffffff
0x142e	0xffffffffffffffffffffffffffffffffffffffff
0x1446	0x20
0x1448	0x20
0x144c	0x20
0x144e	0x40
0x144f	0x0
0x1455	0x0
0x145a	0x1462
0x145e	0x0
0x1463	0x0
0x1465	0x1
0x1467	0x0
0x146a	0xffffffffffffffffffffffffffffffffffffffff
0x1480	0xffffffffffffffffffffffffffffffffffffffff
0x1498	0x20
0x149a	0x20
0x149e	0x20
0x14a0	0x40
0x14a1	0x0
0x14a8	0x14b3
0x14ab	0xa
0x14af	0xa46
0x14b4	0xa
0x14ba	0x5
0x14bc	0x0
0x14c1	0x100
0x14c4	0x1
0x14c7	0xffffffffffffffffffffffffffffffffffffffff
0x14e0	0xffffffffffffffffffffffffffffffffffffffff
0x14f6	0xad68ebf7
0x14fd	0x40
0x1501	0xffffffff
0x1506	0xad68ebf7
0x1507	0x100000000000000000000000000000000000000000000000000000000
0x1525	0xad68ebf700000000000000000000000000000000000000000000000000000000
0x1528	0x4
0x152d	0xffffffffffffffffffffffffffffffffffffffff
0x1543	0xffffffffffffffffffffffffffffffffffffffff
0x155b	0x20
0x1561	0x20
0x1568	0x20
0x156a	0x40
0x156f	0x44
0x1571	0x0
0x1578	0x1580
0x157c	0x0
0x1585	0x158d
0x1589	0x0
0x1591	0x40
0x159a	0x15a2
0x159e	0x0
0x15a4	0xffffffffffffffffffffffffffffffffffffffff
0x15ba	0xa59785389b00cbd19745afbe8d59b28e3161395c6b1e3525861a2b0dede0b90d
0x15dc	0x40
0x15e3	0x20
0x15e9	0x40
0x15ee	0x20
0x15f5	0x40
0x15fc	0x40
0x1600	0x5
0x1604	0x20
0x1607	0x61636f696e000000000000000000000000000000000000000000000000000000
0x162e	0x0
0x1630	0x4
0x1632	0x0
0x1637	0x100
0x163a	0x1
0x163d	0xffffffffffffffffffffffffffffffffffffffff
0x1653	0xffffffffffffffffffffffffffffffffffffffff
0x166a	0xffffffffffffffffffffffffffffffffffffffff
0x1683	0x168b
0x1687	0x0
0x168c	0x1694
0x1690	0x1c3a
0x1697	0x8
0x169a	0x9
0x16a1	0x16a9
0x16a5	0x0
0x16aa	0x16b5
0x16ad	0x8
0x16b1	0x1c4a
0x16b6	0x8
0x16bc	0x9ecdebfa921d6ab8cecf7259ef30327664ad0d45d32fa3641089b00b533f2eee
0x16de	0x40
0x16e5	0x20
0x16eb	0x40
0x16f0	0x20
0x16f7	0x4
0x16f9	0x0
0x16fe	0x100
0x1701	0x1
0x1704	0xffffffffffffffffffffffffffffffffffffffff
0x171a	0xffffffffffffffffffffffffffffffffffffffff
0x1731	0xffffffffffffffffffffffffffffffffffffffff
0x174a	0x1752
0x174e	0x0
0x1753	0x0
0x1755	0xffffffffffffffffffffffffffffffffffffffff
0x176a	0x0
0x176c	0xffffffffffffffffffffffffffffffffffffffff
0x1784	0x178c
0x1788	0x0
0x178e	0x4
0x1790	0x0
0x1792	0x100
0x1795	0x1
0x1799	0xffffffffffffffffffffffffffffffffffffffff
0x17ae	0xffffffffffffffffffffffffffffffffffffffff
0x17af	0xffffffffffffffffffffffff0000000000000000000000000000000000000000
0x17b3	0xffffffffffffffffffffffffffffffffffffffff
0x17d1	0x4
0x17d3	0x0
0x17d8	0x100
0x17db	0x1
0x17de	0xffffffffffffffffffffffffffffffffffffffff
0x1960	0x0
0x1962	0x4
0x1964	0x0
0x1969	0x100
0x196c	0x1
0x196f	0xffffffffffffffffffffffffffffffffffffffff
0x1985	0xffffffffffffffffffffffffffffffffffffffff
0x199c	0xffffffffffffffffffffffffffffffffffffffff
0x19b5	0x19bd
0x19b9	0x0
0x19be	0x19c6
0x19c2	0x1c3a
0x19c9	0x0
0x19cc	0x8
0x19d3	0x19db
0x19d7	0x0
0x19dc	0x19e7
0x19df	0x8
0x19e3	0xa46
0x19e8	0x8
0x19ee	0xfaabf704b783af9e21c676de8e3e6e0c9c2260dce2ee299437ec9b70151ddaeb
0x1a10	0x40
0x1a17	0x20
0x1a1d	0x40
0x1a22	0x20
0x1a29	0x4
0x1a2b	0x0
0x1a30	0x100
0x1a33	0x1
0x1a36	0xffffffffffffffffffffffffffffffffffffffff
0x1a4c	0xffffffffffffffffffffffffffffffffffffffff
0x1a63	0xffffffffffffffffffffffffffffffffffffffff
0x1a7c	0x1a84
0x1a80	0x0
0x1a85	0x0
0x1a8a	0x1a92
0x1a8e	0x0
0x1a93	0xb
0x1a99	0x1aa1
0x1a9d	0x0
0x1aa3	0xb
0x1aac	0x6
0x1ab2	0x0
0x1ab4	0x2
0x1ab6	0x0
0x1ab9	0xffffffffffffffffffffffffffffffffffffffff
0x1acf	0xffffffffffffffffffffffffffffffffffffffff
0x1ae7	0x20
0x1ae9	0x20
0x1aed	0x20
0x1aef	0x40
0x1af0	0x0
0x1af3	0x0
0x1af6	0xffffffffffffffffffffffffffffffffffffffff
0x1b0c	0xffffffffffffffffffffffffffffffffffffffff
0x1b24	0x20
0x1b26	0x20
0x1b2a	0x20
0x1b2c	0x40
0x1b2d	0x0
0x1c35	0x7
0x1c4b	0x0
0x1c54	0x1c59
0x393e	0x2d2
0x433e	0x31a
0x4d3e	0x5e9
0x573e	0x631
0x613e	0x799
0x6b3e	0x7e1
0x753e	0xa34
0x7f3e	0xa5e
0x893e	0xe02
0x933e	0xe0e
0x9d3e	0x18b75
0x317ae	0x44dae
0x321ae	0x457ae
0x32bae	0x461ae
0x335ae	0x46bae
0x33fae	0x475ae
0x349ae	0x47fae
0x353ae	0x489ae
0x35dae	0x493ae
0x367ae	0x49dae
0x371ae	0x4a7ae
0x37bae	0x4b1ae
0x385ae	0x4bbae
0x38fae	0x4c5ae
0x399ae	0x4cfae
0x3a3ae	0x4d9ae
0x3adae	0x4e3ae
0x3b7ae	0x4edae
0x3c1ae	0x4f7ae
0x3cbae	0x501ae
0x3d5ae	0x50bae
0x3dfae	0x515ae
0x3e9ae	0x51fae
0x3f3ae	0x529ae
0x3fdae	0x533ae
0x407ae	0x53dae
0x411ae	0x547ae
0x41bae	0x551ae
0x425ae	0x55bae
0x42fae	0x565ae
0x439ae	0x56fae
0x443ae	0x579ae
0x44dce	0x180
0x457ce	0x29a
0x461ce	0x328
0x46bce	0x382
0x475ce	0x3c4
0x47fce	0x3f1
0x489ce	0x41a
0x493ce	0x493
0x49dce	0x4bc
0x4a7ce	0x4e5
0x4b1ce	0x53a
0x4bbce	0x563
0x4c5ce	0x578
0x4cfce	0x5b1
0x4d9ce	0x63f
0x4e3ce	0x668
0x4edce	0x6b5
0x4f7ce	0x6de
0x501ce	0x70a
0x50bce	0x74c
0x515ce	0x761
0x51fce	0x7ef
0x529ce	0x812
0x533ce	0x84b
0x53dce	0x8a0
0x547ce	0x8fa
0x551ce	0x91d
0x55bce	0x940
0x565ce	0x969
0x56fce	0x9d5
0x579ce	0x9ea
0x11cfV0x5bc	0x100
0x11daV0x5bc	0x20
0x11deV0x5bc	0x18b29
0x1178V0x5bc	0x3
0x117cV0x5bc	0x1
0x117fV0x5bc	0x1
0x1183V0x5bc	0x100
0x1189V0x5bc	0x2
0x118eV0x5bc	0x1f
0x1191V0x5bc	0x20
0x1197V0x5bc	0x20
0x119aV0x5bc	0x40
0x11a0V0x5bc	0x40
0x11aaV0x5bc	0x20
0x11b0V0x5bc	0x1
0x11b3V0x5bc	0x1
0x11b7V0x5bc	0x100
0x11bdV0x5bc	0x2
0x11c3V0x5bc	0x18b02
0x11e7V0x5bc	0x0
0x11eaV0x5bc	0x20
0x11ecV0x5bc	0x0
0xa73eV0x5bc	0x11f0
0x11f6V0x5bc	0x1
0x11faV0x5bc	0x20
0x1200V0x5bc	0x11f0
0x11c8V0x5bc	0x1f
0x11cbV0x5bc	0x11e2
0x1207V0x5bc	0x1f
0xb13eV0x5bc	0x18b9b
0x132bV0x715	0x0
0x1339V0x715	0x1366
0x133cV0x715	0x0
0x133eV0x715	0x4
0x1340V0x715	0x0
0x1345V0x715	0x100
0x1348V0x715	0x1
0x134bV0x715	0xffffffffffffffffffffffffffffffffffffffff
0x1362V0x715	0xd35
0x1368V0x715	0x1394
0x136bV0x715	0x4
0x136dV0x715	0x0
0x1372V0x715	0x100
0x1375V0x715	0x1
0x1378V0x715	0xffffffffffffffffffffffffffffffffffffffff
0x1390V0x715	0xd35
0x17f7V0x8ab	0x0
0x17faV0x8ab	0x1
0x17fcV0x8ab	0x0
0x17ffV0x8ab	0xffffffffffffffffffffffffffffffffffffffff
0x1815V0x8ab	0xffffffffffffffffffffffffffffffffffffffff
0x182dV0x8ab	0x20
0x182fV0x8ab	0x20
0x1833V0x8ab	0x20
0x1835V0x8ab	0x40
0x1836V0x8ab	0x0
0x183eV0x8ab	0x1847
0x1849V0x8ab	0x1954
0x1955V0x8ab	0x0
0xc53eV0x8ab	0x18bc2
0x1843V0x8ab	0x0
0xbb3eV0x8ab	0x1847
0x184eV0x8ab	0x1
0x1850V0x8ab	0x0
0x1853V0x8ab	0xffffffffffffffffffffffffffffffffffffffff
0x1869V0x8ab	0xffffffffffffffffffffffffffffffffffffffff
0x1881V0x8ab	0x20
0x1883V0x8ab	0x20
0x1887V0x8ab	0x20
0x1889V0x8ab	0x40
0x188aV0x8ab	0x0
0x188dV0x8ab	0x0
0x189bV0x8ab	0x1
0x189dV0x8ab	0x0
0x18a0V0x8ab	0xffffffffffffffffffffffffffffffffffffffff
0x18b6V0x8ab	0xffffffffffffffffffffffffffffffffffffffff
0x18ceV0x8ab	0x20
0x18d0V0x8ab	0x20
0x18d4V0x8ab	0x20
0x18d6V0x8ab	0x40
0x18d7V0x8ab	0x0
0x18daV0x8ab	0x0
0x18e8V0x8ab	0xffffffffffffffffffffffffffffffffffffffff
0x18ffV0x8ab	0xffffffffffffffffffffffffffffffffffffffff
0x1915V0x8ab	0xddf252ad1be2c89b69c2b068fc378daa952ba7f163c4a11628f55a4df523b3ef
0x1937V0x8ab	0x40
0x193eV0x8ab	0x20
0x1944V0x8ab	0x40
0x1949V0x8ab	0x20
0x194cV0x8ab	0x1
0x1950V0x8ab	0x18b50
0x1b90V0x9e0	0x0
0x1bb5V0x9e0	0x0
0x1c2eV0x9e0	0x0
0x1b39V0x9e0	0x4
0x1b3bV0x9e0	0x0
0x1b40V0x9e0	0x100
0x1b43V0x9e0	0x1
0x1b46V0x9e0	0xffffffffffffffffffffffffffffffffffffffff
0x1b5cV0x9e0	0xffffffffffffffffffffffffffffffffffffffff
0x1b73V0x9e0	0xffffffffffffffffffffffffffffffffffffffff
0x1b8cV0x9e0	0x1b94
0x1b95V0x9e0	0x0
0x1b98V0x9e0	0xffffffffffffffffffffffffffffffffffffffff
0x1bb1V0x9e0	0x1bb9
0x1bbaV0x9e0	0x4
0x1bbcV0x9e0	0x0
0x1bc1V0x9e0	0x100
0x1bc4V0x9e0	0x1
0x1bc7V0x9e0	0xffffffffffffffffffffffffffffffffffffffff
0x1bddV0x9e0	0xffffffffffffffffffffffffffffffffffffffff
0x1bf3V0x9e0	0x8fc
0x1bf7V0x9e0	0xffffffffffffffffffffffffffffffffffffffff
0x1c13V0x9e0	0x40
0x1c16V0x9e0	0x0
0x1c18V0x9e0	0x40
0x1c1dV0x9e0	0x0
0x1c2aV0x9e0	0x1c32
0x1c3bV0xc41	0x0
0x1c3dV0xc41	0x12
0x1c3fV0xc41	0xa
0x1c41V0xc41	0xde0b6b3a7640000
0x1c3bV0x168b	0x0
0x1c3dV0x168b	0x12
0x1c3fV0x168b	0xa
0x1c41V0x168b	0xde0b6b3a7640000
0x1c3bV0x19bd	0x0
0x1c3dV0x19bd	0x12
0x1c3fV0x19bd	0xa
0x1c41V0x19bd	0xde0b6b3a7640000
