0x0	[0x0, nil]
0x40	[0x40, nil]
0xf	[0xf, nil]
0x4	[0x4, nil]
0x8	[0x8, nil]
0x1f	[0x1f, nil]
0x2	[0x2, nil]
0xe0	[0xe0, nil]
0xa00	[0xa00, nil]
0x5	[0x5, nil]
0x7	[0x7, nil]
0xc	[0xc, nil]
0x12	[0x12, nil]
0x14	[0x14, nil]
0x15	[0x15, nil]
0x1a	[0x1a, nil]
0x1c	[0x1c, nil]
0x1d	[0x1d, nil]
0x21	[0x21, nil]
0x26	[0x26, nil]
0x27	[0x27, nil]
0x2c	[0x2c, nil]
0x31	[0x31, nil]
0x32	[0x32, nil]
0x37	[0x37, nil]
0x3c	[0x3c, nil]
0x3d	[0x3d, nil]
0x42	[0x42, nil]
0x47	[0x47, nil]
0x4d	[0x4d, nil]
0x52	[0x52, nil]
0x58	[0x58, nil]
0x5d	[0x5d, nil]
0x63	[0x63, nil]
0x68	[0x68, nil]
0x6e	[0x6e, nil]
0x73	[0x73, nil]
0x78	[0x78, nil]
0x7e	[0x7e, nil]
0x83	[0x83, nil]
0x89	[0x89, nil]
0x8e	[0x8e, nil]
0x94	[0x94, nil]
0x99	[0x99, nil]
0x9f	[0x9f, nil]
0xa4	[0xa4, nil]
0xa9	[0xa9, nil]
0xaf	[0xaf, nil]
0xb4	[0xb4, nil]
0xb5	[0xb5, nil]
0xba	[0xba, nil]
0xbf	[0xbf, nil]
0xc5	[0xc5, nil]
0xca	[0xca, nil]
0xd0	[0xd0, nil]
0xd5	[0xd5, nil]
0xdb	[0xdb, nil]
0xe6	[0xe6, nil]
0xeb	[0xeb, nil]
0xf0	[0xf0, nil]
0xf6	[0xf6, nil]
0xfb	[0xfb, nil]
0x101	[0x101, nil]
0x106	[0x106, nil]
0x10c	[0x10c, nil]
0x111	[0x111, nil]
0x117	[0x117, nil]
0x11c	[0x11c, nil]
0x121	[0x121, nil]
0x127	[0x127, nil]
0x12c	[0x12c, nil]
0x12d	[0x12d, nil]
0x132	[0x132, nil]
0x137	[0x137, nil]
0x138	[0x138, nil]
0x13d	[0x13d, nil]
0x142	[0x142, nil]
0x148	[0x148, nil]
0x14d	[0x14d, nil]
0x153	[0x153, nil]
0x158	[0x158, nil]
0x15e	[0x15e, nil]
0x163	[0x163, nil]
0x169	[0x169, nil]
0x16e	[0x16e, nil]
0x173	[0x173, nil]
0x179	[0x179, nil]
0x17e	[0x17e, nil]
0x184	[0x184, nil]
0x189	[0x189, nil]
0x18f	[0x18f, nil]
0x194	[0x194, nil]
0x19a	[0x19a, nil]
0x19f	[0x19f, nil]
0x1a4	[0x1a4, nil]
0x1aa	[0x1aa, nil]
0x1af	[0x1af, nil]
0x1b0	[0x1b0, nil]
0x1b5	[0x1b5, nil]
0x1ba	[0x1ba, nil]
0x1c0	[0x1c0, nil]
0x1c5	[0x1c5, nil]
0x1cb	[0x1cb, nil]
0x1d0	[0x1d0, nil]
0x1d6	[0x1d6, nil]
0x1db	[0x1db, nil]
0x1e0	[0x1e0, nil]
0x1e6	[0x1e6, nil]
0x1eb	[0x1eb, nil]
0x1f1	[0x1f1, nil]
0x1f6	[0x1f6, nil]
0x1fc	[0x1fc, nil]
0x201	[0x201, nil]
0x207	[0x207, nil]
0x20c	[0x20c, nil]
0x212	[0x212, nil]
0x217	[0x217, nil]
0x21a	[0x21a, nil]
0x21c	[0x21c, nil]
0x233	[0x233, nil]
0x235	[0x235, nil]
0x236	[0x236, nil]
0x23a	[0x23a, nil]
0x23c	[0x23c, nil]
0x23e	[0x23e, nil]
0x240	[0x240, nil]
0x241	[0x241, nil]
0x242	[0x242, nil]
0x25e	[0x25e, nil]
0x261	[0x261, nil]
0x270	[0x270, nil]
0x272	[0x272, nil]
0x273	[0x273, nil]
0x277	[0x277, nil]
0x279	[0x279, nil]
0x27b	[0x27b, nil]
0x27d	[0x27d, nil]
0x27e	[0x27e, nil]
0x27f	[0x27f, nil]
0x283	[0x283, nil]
0x286	[0x286, nil]
0x288	[0x288, nil]
0x28c	[0x28c, nil]
0x28e	[0x28e, nil]
0x28f	[0x28f, nil]
0x293	[0x293, nil]
0x295	[0x295, nil]
0x297	[0x297, nil]
0x299	[0x299, nil]
0x29a	[0x29a, nil]
0x29b	[0x29b, nil]
0x29f	[0x29f, nil]
0x2a2	[0x2a2, nil]
0x2a4	[0x2a4, nil]
0x2a8	[0x2a8, nil]
0x2ab	[0x2ab, nil]
0x2ad	[0x2ad, nil]
0x2b1	[0x2b1, nil]
0x2b4	[0x2b4, nil]
0x2b6	[0x2b6, nil]
0x2ba	[0x2ba, nil]
0x2bd	[0x2bd, nil]
0x2c2	[0x2c2, nil]
0x2c5	[0x2c5, nil]
0x2c7	[0x2c7, nil]
0x2cb	[0x2cb, nil]
0x2ce	[0x2ce, nil]
0x2d5	[0x2d5, nil]
0x2d7	[0x2d7, nil]
0x2d8	[0x2d8, nil]
0x2dc	[0x2dc, nil]
0x2de	[0x2de, nil]
0x2e0	[0x2e0, nil]
0x2e2	[0x2e2, nil]
0x2e3	[0x2e3, nil]
0x2e4	[0x2e4, nil]
0x2e8	[0x2e8, nil]
0x2eb	[0x2eb, nil]
0x2ed	[0x2ed, nil]
0x2f1	[0x2f1, nil]
0x2f4	[0x2f4, nil]
0x2f6	[0x2f6, nil]
0x2fa	[0x2fa, nil]
0x2fd	[0x2fd, nil]
0x302	[0x302, nil]
0x305	[0x305, nil]
0x30a	[0x30a, nil]
0x30d	[0x30d, nil]
0x30f	[0x30f, nil]
0x313	[0x313, nil]
0x315	[0x315, nil]
0x316	[0x316, nil]
0x31a	[0x31a, nil]
0x31c	[0x31c, nil]
0x31e	[0x31e, nil]
0x320	[0x320, nil]
0x321	[0x321, nil]
0x322	[0x322, nil]
0x326	[0x326, nil]
0x329	[0x329, nil]
0x32e	[0x32e, nil]
0x331	[0x331, nil]
0x340	[0x340, nil]
0x342	[0x342, nil]
0x343	[0x343, nil]
0x347	[0x347, nil]
0x349	[0x349, nil]
0x34b	[0x34b, nil]
0x34d	[0x34d, nil]
0x34e	[0x34e, nil]
0x34f	[0x34f, nil]
0x353	[0x353, nil]
0x356	[0x356, nil]
0x365	[0x365, nil]
0x368	[0x368, nil]
0x36d	[0x36d, nil]
0x370	[0x370, nil]
0x375	[0x375, nil]
0x377	[0x377, nil]
0x378	[0x378, nil]
0x37c	[0x37c, nil]
0x37e	[0x37e, nil]
0x380	[0x380, nil]
0x382	[0x382, nil]
0x383	[0x383, nil]
0x384	[0x384, nil]
0x388	[0x388, nil]
0x38b	[0x38b, nil]
0x38d	[0x38d, nil]
0x391	[0x391, nil]
0x394	[0x394, nil]
0x396	[0x396, nil]
0x39a	[0x39a, nil]
0x39d	[0x39d, nil]
0x3ac	[0x3ac, nil]
0x3af	[0x3af, nil]
0x3b1	[0x3b1, nil]
0x3b5	[0x3b5, nil]
0x3b8	[0x3b8, nil]
0x3c7	[0x3c7, nil]
0x3c9	[0x3c9, nil]
0x3ca	[0x3ca, nil]
0x3ce	[0x3ce, nil]
0x3d0	[0x3d0, nil]
0x3d2	[0x3d2, nil]
0x3d4	[0x3d4, nil]
0x3d5	[0x3d5, nil]
0x3d6	[0x3d6, nil]
0x3da	[0x3da, nil]
0x3dd	[0x3dd, nil]
0x3df	[0x3df, nil]
0x3e3	[0x3e3, nil]
0x3e6	[0x3e6, nil]
0x3f5	[0x3f5, nil]
0x3f8	[0x3f8, nil]
0x3fa	[0x3fa, nil]
0x47f	[0x47f, nil]
0x481	[0x481, nil]
0x482	[0x482, nil]
0x484	[0x484, nil]
0x486	[0x486, nil]
0x488	[0x488, nil]
0x489	[0x489, nil]
0x48a	[0x48a, nil]
0x48b	[0x48b, nil]
0x48c	[0x48c, nil]
0x48d	[0x48d, nil]
0x491	[0x491, nil]
0x493	[0x493, nil]
0x494	[0x494, nil]
0x498	[0x498, nil]
0x49a	[0x49a, nil]
0x49d	[0x49d, nil]
0x49f	[0x49f, nil]
0x4a0	[0x4a0, nil]
0x4a4	[0x4a4, nil]
0x4b2	[0x4b2, nil]
0x4b4	[0x4b4, nil]
0x4b5	[0x4b5, nil]
0x4b6	[0x4b6, nil]
0x4b7	[0x4b7, nil]
0x4bb	[0x4bb, nil]
0x4bd	[0x4bd, nil]
0x4be	[0x4be, nil]
0x4c2	[0x4c2, nil]
0x4c4	[0x4c4, nil]
0x4c7	[0x4c7, nil]
0x4c9	[0x4c9, nil]
0x4ca	[0x4ca, nil]
0x4ce	[0x4ce, nil]
0x4d3	[0x4d3, nil]
0x4d5	[0x4d5, nil]
0x4d8	[0x4d8, nil]
0x4e4	[0x4e4, nil]
0x4e6	[0x4e6, nil]
0x4ed	[0x4ed, nil]
0x4f9	[0x4f9, nil]
0x4fd	[0x4fd, nil]
0x4ff	[0x4ff, nil]
0x500	[0x500, nil]
0x506	[0x506, nil]
0x50b	[0x50b, nil]
0x50e	[0x50e, nil]
0x50f	[0x50f, nil]
0x510	[0x510, nil]
0x514	[0x514, nil]
0x516	[0x516, nil]
0x517	[0x517, nil]
0x51b	[0x51b, nil]
0x51d	[0x51d, nil]
0x520	[0x520, nil]
0x522	[0x522, nil]
0x523	[0x523, nil]
0x527	[0x527, nil]
0x52c	[0x52c, nil]
0x52e	[0x52e, nil]
0x52f	[0x52f, nil]
0x534	[0x534, nil]
0x539	[0x539, nil]
0x53c	[0x53c, nil]
0x53e	[0x53e, nil]
0x53f	[0x53f, nil]
0x541	[0x541, nil]
0x542	[0x542, nil]
0x544	[0x544, nil]
0x545	[0x545, nil]
0x54a	[0x54a, nil]
0x54c	[0x54c, nil]
0x54f	[0x54f, nil]
0x551	[0x551, nil]
0x553	[0x553, nil]
0x555	[0x555, nil]
0x556	[0x556, nil]
0x559	[0x559, nil]
0x55a	[0x55a, nil]
0x55d	[0x55d, nil]
0x55f	[0x55f, nil]
0x562	[0x562, nil]
0x567	[0x567, nil]
0x569	[0x569, nil]
0x56f	[0x56f, nil]
0x571	[0x571, nil]
0x572	[0x572, nil]
0x574	[0x574, nil]
0x576	[0x576, nil]
0x579	[0x579, nil]
0x57b	[0x57b, nil]
0x57f	[0x57f, nil]
0x580	[0x580, nil]
0x582	[0x582, nil]
0x583	[0x583, nil]
0x587	[0x587, nil]
0x58d	[0x58d, nil]
0x58e	[0x58e, nil]
0x58f	[0x58f, nil]
0x591	[0x591, nil]
0x592	[0x592, nil]
0x596	[0x596, nil]
0x597	[0x597, nil]
0x59b	[0x59b, nil]
0x59c	[0x59c, nil]
0x5a4	[0x5a4, nil]
0x5a6	[0x5a6, nil]
0x5a7	[0x5a7, nil]
0x5a8	[0x5a8, nil]
0x5aa	[0x5aa, nil]
0x5ab	[0x5ab, nil]
0x5ae	[0x5ae, nil]
0x5af	[0x5af, nil]
0x5b1	[0x5b1, nil]
0x5b3	[0x5b3, nil]
0x5b8	[0x5b8, nil]
0x5ba	[0x5ba, nil]
0x5bf	[0x5bf, nil]
0x5c5	[0x5c5, nil]
0x5c7	[0x5c7, nil]
0x5c8	[0x5c8, nil]
0x5cc	[0x5cc, nil]
0x5d0	[0x5d0, nil]
0x5d2	[0x5d2, nil]
0x5d7	[0x5d7, nil]
0x5d9	[0x5d9, nil]
0x5db	[0x5db, nil]
0x5e0	[0x5e0, nil]
0x7d8	[0x7d8, nil]
0x7da	[0x7da, nil]
0x7db	[0x7db, nil]
0x7dd	[0x7dd, nil]
0x7df	[0x7df, nil]
0x7e1	[0x7e1, nil]
0x7e2	[0x7e2, nil]
0x7e3	[0x7e3, nil]
0x7e4	[0x7e4, nil]
0x7e5	[0x7e5, nil]
0x7e6	[0x7e6, nil]
0x7ea	[0x7ea, nil]
0x7ec	[0x7ec, nil]
0x7ed	[0x7ed, nil]
0x7f1	[0x7f1, nil]
0x7f3	[0x7f3, nil]
0x7f6	[0x7f6, nil]
0x7f8	[0x7f8, nil]
0x7f9	[0x7f9, nil]
0x7fd	[0x7fd, nil]
0x802	[0x802, nil]
0x804	[0x804, nil]
0x805	[0x805, nil]
0x806	[0x806, nil]
0x807	[0x807, nil]
0x80b	[0x80b, nil]
0x80d	[0x80d, nil]
0x80e	[0x80e, nil]
0x812	[0x812, nil]
0x814	[0x814, nil]
0x817	[0x817, nil]
0x819	[0x819, nil]
0x81a	[0x81a, nil]
0x81e	[0x81e, nil]
0x823	[0x823, nil]
0x825	[0x825, nil]
0x828	[0x828, nil]
0x82a	[0x82a, nil]
0x82d	[0x82d, nil]
0x839	[0x839, nil]
0x83b	[0x83b, nil]
0x848	[0x848, nil]
0x854	[0x854, nil]
0x858	[0x858, nil]
0x85a	[0x85a, nil]
0x85b	[0x85b, nil]
0x861	[0x861, nil]
0x866	[0x866, nil]
0x869	[0x869, nil]
0x86a	[0x86a, nil]
0x86b	[0x86b, nil]
0x86f	[0x86f, nil]
0x871	[0x871, nil]
0x872	[0x872, nil]
0x876	[0x876, nil]
0x878	[0x878, nil]
0x87b	[0x87b, nil]
0x87d	[0x87d, nil]
0x87e	[0x87e, nil]
0x882	[0x882, nil]
0x887	[0x887, nil]
0x889	[0x889, nil]
0x88a	[0x88a, nil]
0x88f	[0x88f, nil]
0x894	[0x894, nil]
0x897	[0x897, nil]
0x899	[0x899, nil]
0x89a	[0x89a, nil]
0x89c	[0x89c, nil]
0x89d	[0x89d, nil]
0x89f	[0x89f, nil]
0x8a0	[0x8a0, nil]
0x8a5	[0x8a5, nil]
0x8a7	[0x8a7, nil]
0x8aa	[0x8aa, nil]
0x8ac	[0x8ac, nil]
0x8ae	[0x8ae, nil]
0x8b0	[0x8b0, nil]
0x8b1	[0x8b1, nil]
0x8b4	[0x8b4, nil]
0x8b5	[0x8b5, nil]
0x8b8	[0x8b8, nil]
0x8ba	[0x8ba, nil]
0x8bd	[0x8bd, nil]
0x8c2	[0x8c2, nil]
0x8c4	[0x8c4, nil]
0x8ca	[0x8ca, nil]
0x8cc	[0x8cc, nil]
0x8cd	[0x8cd, nil]
0x8cf	[0x8cf, nil]
0x8d1	[0x8d1, nil]
0x8d4	[0x8d4, nil]
0x8d6	[0x8d6, nil]
0x8da	[0x8da, nil]
0x8db	[0x8db, nil]
0x8dd	[0x8dd, nil]
0x8de	[0x8de, nil]
0x8e2	[0x8e2, nil]
0x8e8	[0x8e8, nil]
0x8e9	[0x8e9, nil]
0x8ea	[0x8ea, nil]
0x8ec	[0x8ec, nil]
0x8ed	[0x8ed, nil]
0x8f1	[0x8f1, nil]
0x8f2	[0x8f2, nil]
0x8f6	[0x8f6, nil]
0x8f7	[0x8f7, nil]
0x8ff	[0x8ff, nil]
0x901	[0x901, nil]
0x902	[0x902, nil]
0x903	[0x903, nil]
0x905	[0x905, nil]
0x906	[0x906, nil]
0x909	[0x909, nil]
0x90a	[0x90a, nil]
0x90c	[0x90c, nil]
0x90e	[0x90e, nil]
0x913	[0x913, nil]
0x915	[0x915, nil]
0x91a	[0x91a, nil]
0x920	[0x920, nil]
0x922	[0x922, nil]
0x923	[0x923, nil]
0x927	[0x927, nil]
0x92b	[0x92b, nil]
0x92d	[0x92d, nil]
0x932	[0x932, nil]
0x934	[0x934, nil]
0x936	[0x936, nil]
0x93b	[0x93b, nil]
0x941	[0x941, nil]
0x943	[0x943, nil]
0x944	[0x944, nil]
0x946	[0x946, nil]
0x948	[0x948, nil]
0x94a	[0x94a, nil]
0x94b	[0x94b, nil]
0x94c	[0x94c, nil]
0x94d	[0x94d, nil]
0x94e	[0x94e, nil]
0x94f	[0x94f, nil]
0x953	[0x953, nil]
0x955	[0x955, nil]
0x956	[0x956, nil]
0x95a	[0x95a, nil]
0x95c	[0x95c, nil]
0x95f	[0x95f, nil]
0x961	[0x961, nil]
0x962	[0x962, nil]
0x966	[0x966, nil]
0x96b	[0x96b, nil]
0x96d	[0x96d, nil]
0x96e	[0x96e, nil]
0x96f	[0x96f, nil]
0x970	[0x970, nil]
0x974	[0x974, nil]
0x976	[0x976, nil]
0x977	[0x977, nil]
0x97b	[0x97b, nil]
0x97d	[0x97d, nil]
0x980	[0x980, nil]
0x982	[0x982, nil]
0x983	[0x983, nil]
0x987	[0x987, nil]
0x98c	[0x98c, nil]
0x98e	[0x98e, nil]
0x991	[0x991, nil]
0x993	[0x993, nil]
0x996	[0x996, nil]
0x9a2	[0x9a2, nil]
0x9a4	[0x9a4, nil]
0x9ab	[0x9ab, nil]
0x9b7	[0x9b7, nil]
0x9bb	[0x9bb, nil]
0x9bd	[0x9bd, nil]
0x9be	[0x9be, nil]
0x9c4	[0x9c4, nil]
0x9c9	[0x9c9, nil]
0x9cc	[0x9cc, nil]
0x9cd	[0x9cd, nil]
0x9ce	[0x9ce, nil]
0x9d2	[0x9d2, nil]
0x9d4	[0x9d4, nil]
0x9d5	[0x9d5, nil]
0x9d9	[0x9d9, nil]
0x9db	[0x9db, nil]
0x9de	[0x9de, nil]
0x9e0	[0x9e0, nil]
0x9e1	[0x9e1, nil]
0x9e5	[0x9e5, nil]
0x9ea	[0x9ea, nil]
0x9ec	[0x9ec, nil]
0x9ed	[0x9ed, nil]
0x9f2	[0x9f2, nil]
0x9f7	[0x9f7, nil]
0x9fa	[0x9fa, nil]
0x9fc	[0x9fc, nil]
0x9fd	[0x9fd, nil]
0x9ff	[0x9ff, nil]
0xa02	[0xa02, nil]
0xa03	[0xa03, nil]
0xa08	[0xa08, nil]
0xa0a	[0xa0a, nil]
0xa0d	[0xa0d, nil]
0xa0f	[0xa0f, nil]
0xa11	[0xa11, nil]
0xa13	[0xa13, nil]
0xa14	[0xa14, nil]
0xa17	[0xa17, nil]
0xa18	[0xa18, nil]
0xa1b	[0xa1b, nil]
0xa1d	[0xa1d, nil]
0xa20	[0xa20, nil]
0xa25	[0xa25, nil]
0xa27	[0xa27, nil]
0xa2d	[0xa2d, nil]
0xa2f	[0xa2f, nil]
0xa30	[0xa30, nil]
0xa32	[0xa32, nil]
0xa34	[0xa34, nil]
0xa37	[0xa37, nil]
0xa39	[0xa39, nil]
0xa3d	[0xa3d, nil]
0xa3e	[0xa3e, nil]
0xa40	[0xa40, nil]
0xa41	[0xa41, nil]
0xa45	[0xa45, nil]
0xa4b	[0xa4b, nil]
0xa4c	[0xa4c, nil]
0xa4d	[0xa4d, nil]
0xa4f	[0xa4f, nil]
0xa50	[0xa50, nil]
0xa54	[0xa54, nil]
0xa55	[0xa55, nil]
0xa59	[0xa59, nil]
0xa5a	[0xa5a, nil]
0xa62	[0xa62, nil]
0xa64	[0xa64, nil]
0xa65	[0xa65, nil]
0xa66	[0xa66, nil]
0xa68	[0xa68, nil]
0xa69	[0xa69, nil]
0xa6c	[0xa6c, nil]
0xa6d	[0xa6d, nil]
0xa6f	[0xa6f, nil]
0xa71	[0xa71, nil]
0xa76	[0xa76, nil]
0xa78	[0xa78, nil]
0xa7d	[0xa7d, nil]
0xa83	[0xa83, nil]
0xa85	[0xa85, nil]
0xa86	[0xa86, nil]
0xa8a	[0xa8a, nil]
0xa8e	[0xa8e, nil]
0xa90	[0xa90, nil]
0xa95	[0xa95, nil]
0xa97	[0xa97, nil]
0xa99	[0xa99, nil]
0xa9e	[0xa9e, nil]
0xaa4	[0xaa4, nil]
0xaa6	[0xaa6, nil]
0xaa7	[0xaa7, nil]
0xaa9	[0xaa9, nil]
0xaab	[0xaab, nil]
0xaad	[0xaad, nil]
0xaae	[0xaae, nil]
0xaaf	[0xaaf, nil]
0xab0	[0xab0, nil]
0xab1	[0xab1, nil]
0xab2	[0xab2, nil]
0xab6	[0xab6, nil]
0xab8	[0xab8, nil]
0xab9	[0xab9, nil]
0xabd	[0xabd, nil]
0xabf	[0xabf, nil]
0xac2	[0xac2, nil]
0xac4	[0xac4, nil]
0xac5	[0xac5, nil]
0xac9	[0xac9, nil]
0xace	[0xace, nil]
0xad0	[0xad0, nil]
0xad1	[0xad1, nil]
0xad2	[0xad2, nil]
0xad3	[0xad3, nil]
0xad7	[0xad7, nil]
0xad9	[0xad9, nil]
0xada	[0xada, nil]
0xade	[0xade, nil]
0xae0	[0xae0, nil]
0xae3	[0xae3, nil]
0xae5	[0xae5, nil]
0xae6	[0xae6, nil]
0xaea	[0xaea, nil]
0xaef	[0xaef, nil]
0xaf1	[0xaf1, nil]
0xaf4	[0xaf4, nil]
0xaf6	[0xaf6, nil]
0xaf9	[0xaf9, nil]
0xb05	[0xb05, nil]
0xb07	[0xb07, nil]
0xb0e	[0xb0e, nil]
0xb1a	[0xb1a, nil]
0xb1e	[0xb1e, nil]
0xb20	[0xb20, nil]
0xb21	[0xb21, nil]
0xb27	[0xb27, nil]
0xb2c	[0xb2c, nil]
0xb2f	[0xb2f, nil]
0xb30	[0xb30, nil]
0xb31	[0xb31, nil]
0xb35	[0xb35, nil]
0xb37	[0xb37, nil]
0xb38	[0xb38, nil]
0xb3c	[0xb3c, nil]
0xb3e	[0xb3e, nil]
0xb41	[0xb41, nil]
0xb43	[0xb43, nil]
0xb44	[0xb44, nil]
0xb48	[0xb48, nil]
0xb4d	[0xb4d, nil]
0xb4f	[0xb4f, nil]
0xb50	[0xb50, nil]
0xb55	[0xb55, nil]
0xb5a	[0xb5a, nil]
0xb5d	[0xb5d, nil]
0xb5f	[0xb5f, nil]
0xb60	[0xb60, nil]
0xb63	[0xb63, nil]
0xb64	[0xb64, nil]
0xb66	[0xb66, nil]
0xb67	[0xb67, nil]
0xb6c	[0xb6c, nil]
0xb6e	[0xb6e, nil]
0xb71	[0xb71, nil]
0xb73	[0xb73, nil]
0xb75	[0xb75, nil]
0xb77	[0xb77, nil]
0xb78	[0xb78, nil]
0xb7b	[0xb7b, nil]
0xb7e	[0xb7e, nil]
0xb83	[0xb83, nil]
0xb86	[0xb86, nil]
0xb8c	[0xb8c, nil]
0xb8e	[0xb8e, nil]
0xb94	[0xb94, nil]
0xb96	[0xb96, nil]
0xb97	[0xb97, nil]
0xb99	[0xb99, nil]
0xb9b	[0xb9b, nil]
0xb9e	[0xb9e, nil]
0xba0	[0xba0, nil]
0xba4	[0xba4, nil]
0xba5	[0xba5, nil]
0xba7	[0xba7, nil]
0xba8	[0xba8, nil]
0xbac	[0xbac, nil]
0xbb2	[0xbb2, nil]
0xbb3	[0xbb3, nil]
0xbb4	[0xbb4, nil]
0xbb6	[0xbb6, nil]
0xbb7	[0xbb7, nil]
0xbbb	[0xbbb, nil]
0xbbc	[0xbbc, nil]
0xbc0	[0xbc0, nil]
0xbc1	[0xbc1, nil]
0xbc9	[0xbc9, nil]
0xbcb	[0xbcb, nil]
0xbcc	[0xbcc, nil]
0xbcd	[0xbcd, nil]
0xbcf	[0xbcf, nil]
0xbd0	[0xbd0, nil]
0xbd3	[0xbd3, nil]
0xbd4	[0xbd4, nil]
0xbd6	[0xbd6, nil]
0xbd8	[0xbd8, nil]
0xbdd	[0xbdd, nil]
0xbdf	[0xbdf, nil]
0xbe4	[0xbe4, nil]
0xbea	[0xbea, nil]
0xbec	[0xbec, nil]
0xbed	[0xbed, nil]
0xbf1	[0xbf1, nil]
0xbf5	[0xbf5, nil]
0xbf7	[0xbf7, nil]
0xbfc	[0xbfc, nil]
0xbfe	[0xbfe, nil]
0xc00	[0xc00, nil]
0xc05	[0xc05, nil]
0xc0b	[0xc0b, nil]
0xc0e	[0xc0e, nil]
0xc13	[0xc13, nil]
0xc1c	[0xc1c, nil]
0xc1d	[0xc1d, nil]
0xc1e	[0xc1e, nil]
0xc22	[0xc22, nil]
0xc24	[0xc24, nil]
0xc25	[0xc25, nil]
0xc29	[0xc29, nil]
0xc2b	[0xc2b, nil]
0xc2e	[0xc2e, nil]
0xc30	[0xc30, nil]
0xc33	[0xc33, nil]
0xc35	[0xc35, nil]
0xc37	[0xc37, nil]
0xc3a	[0xc3a, nil]
0xc3c	[0xc3c, nil]
0xc5d	[0xc5d, nil]
0xc60	[0xc60, nil]
0xc62	[0xc62, nil]
0xc64	[0xc64, nil]
0xc65	[0xc65, nil]
0xc73	[0xc73, nil]
0xc76	[0xc76, nil]
0xc7b	[0xc7b, nil]
0xc7d	[0xc7d, nil]
0xc82	[0xc82, nil]
0xc84	[0xc84, nil]
0xc89	[0xc89, nil]
0xc91	[0xc91, nil]
0xc96	[0xc96, nil]
0xc9b	[0xc9b, nil]
0xc9c	[0xc9c, nil]
0xca0	[0xca0, nil]
0xca2	[0xca2, nil]
0xca3	[0xca3, nil]
0xca7	[0xca7, nil]
0xca9	[0xca9, nil]
0xcac	[0xcac, nil]
0xcae	[0xcae, nil]
0xcb1	[0xcb1, nil]
0xcb3	[0xcb3, nil]
0xcb5	[0xcb5, nil]
0xcb8	[0xcb8, nil]
0xcba	[0xcba, nil]
0xcdb	[0xcdb, nil]
0xcde	[0xcde, nil]
0xce0	[0xce0, nil]
0xce2	[0xce2, nil]
0xce4	[0xce4, nil]
0xce5	[0xce5, nil]
0xce8	[0xce8, nil]
0xcea	[0xcea, nil]
0xcec	[0xcec, nil]
0xced	[0xced, nil]
0xcf2	[0xcf2, nil]
0xcf6	[0xcf6, nil]
0xcf7	[0xcf7, nil]
0xcfb	[0xcfb, nil]
0xcfd	[0xcfd, nil]
0xcfe	[0xcfe, nil]
0xd02	[0xd02, nil]
0xd04	[0xd04, nil]
0xd07	[0xd07, nil]
0xd09	[0xd09, nil]
0xd0c	[0xd0c, nil]
0xd0e	[0xd0e, nil]
0xd10	[0xd10, nil]
0xd13	[0xd13, nil]
0xd15	[0xd15, nil]
0xd36	[0xd36, nil]
0xd39	[0xd39, nil]
0xd3b	[0xd3b, nil]
0xd3d	[0xd3d, nil]
0xd3e	[0xd3e, nil]
0xd43	[0xd43, nil]
0xd45	[0xd45, nil]
0xd4a	[0xd4a, nil]
0xe1e	[0xe1e, nil]
0xe21	[0xe21, nil]
0xe23	[0xe23, nil]
0xe24	[0xe24, nil]
0xe25	[0xe25, nil]
0xe29	[0xe29, nil]
0xe2c	[0xe2c, nil]
0xe32	[0xe32, nil]
0xe36	[0xe36, nil]
0xe39	[0xe39, nil]
0xe3d	[0xe3d, nil]
0xe42	[0xe42, nil]
0xe44	[0xe44, nil]
0xe47	[0xe47, nil]
0xe49	[0xe49, nil]
0xe4c	[0xe4c, nil]
0xe52	[0xe52, nil]
0xe56	[0xe56, nil]
0xe59	[0xe59, nil]
0xe5b	[0xe5b, nil]
0xe5c	[0xe5c, nil]
0xe5e	[0xe5e, nil]
0xe60	[0xe60, nil]
0xe61	[0xe61, nil]
0xe62	[0xe62, nil]
0xe63	[0xe63, nil]
0xe64	[0xe64, nil]
0xe68	[0xe68, nil]
0xe6b	[0xe6b, nil]
0xe71	[0xe71, nil]
0x1d9f	[0x4a9, nil]
0x1da1	[0x4ab, nil]
0x1da4	[0x4ae, nil]
0x1dc7	[0x4a9, nil]
0x1dc9	[0x4ab, nil]
0x1dcc	[0x4ae, nil]
0x1def	[0x4a9, nil]
0x1df1	[0x4ab, nil]
0x1df4	[0x4ae, nil]
0x1e17	[0xe75, nil]
0x1e1c	[0xe7a, nil]
0x1e1e	[0xe7c, nil]
0x1e1f	[0xe7d, nil]
0x1e22	[0xe80, nil]
0x1e24	[0xe82, nil]
0x1e27	[0xe85, nil]
0x1e29	[0xe87, nil]
0x1e4c	[0xe75, nil]
0x1e51	[0xe7a, nil]
0x1e53	[0xe7c, nil]
0x1e54	[0xe7d, nil]
0x1e57	[0xe80, nil]
0x1e59	[0xe82, nil]
0x1e5c	[0xe85, nil]
0x1e5e	[0xe87, nil]
0x3ce0	[0x21d, nil]
0x50e0	[0x243, nil]
0x5ae0	[0x26d, nil]
0x64e0	[0x280, nil]
0x6ee0	[0x289, nil]
0x78e0	[0x29c, nil]
0x82e0	[0x2a5, nil]
0x8ce0	[0x2ae, nil]
0x96e0	[0x2b7, nil]
0xa0e0	[0x2c8, nil]
0xaae0	[0x2e5, nil]
0xb4e0	[0x2ee, nil]
0xbee0	[0x2f7, nil]
0xc8e0	[0x310, nil]
0xd2e0	[0x323, nil]
0xdce0	[0x33d, nil]
0xe6e0	[0x350, nil]
0xf0e0	[0x362, nil]
0xfae0	[0x385, nil]
0x104e0	[0x38e, nil]
0x10ee0	[0x397, nil]
0x118e0	[0x3a9, nil]
0x122e0	[0x3b2, nil]
0x12ce0	[0x3c4, nil]
0x136e0	[0x3d7, nil]
0x140e0	[0x3e0, nil]
0x14ae0	[0x3f2, nil]
0x154e0	[0x3fb, nil]
0x470cc	[0x220, nil]
0x470ce	[0x222, nil]
0x470d2	[0x226, nil]
0x470d4	[0x228, nil]
0x4b58c	[0x229, nil]
0x87db4	[0x4a9, nil]
0x87db6	[0x4ab, nil]
0x87db9	[0x4ae, nil]
0x87ddc	[0x4a9, nil]
0x87dde	[0x4ab, nil]
0x87de1	[0x4ae, nil]
0x87e04	[0x4a9, nil]
0x87e06	[0x4ab, nil]
0x87e09	[0x4ae, nil]
0x87f1c	[0x4a9, nil]
0x87f1e	[0x4ab, nil]
0x87f21	[0x4ae, nil]
0x87f44	[0x4a9, nil]
0x87f46	[0x4ab, nil]
0x87f49	[0x4ae, nil]
0x87f6d	[0x841, nil]
0x87f91	[0x4a9, nil]
0x87f93	[0x4ab, nil]
0x87f96	[0x4ae, nil]
0x87fb9	[0x4a9, nil]
0x87fbb	[0x4ab, nil]
0x87fbe	[0x4ae, nil]
0x87fe1	[0x4a9, nil]
0x87fe3	[0x4ab, nil]
0x87fe6	[0x4ae, nil]
0x8800a	[0x841, nil]
0x8802e	[0x4a9, nil]
0x88030	[0x4ab, nil]
0x88033	[0x4ae, nil]
0x88056	[0x4a9, nil]
0x88058	[0x4ab, nil]
0x8805b	[0x4ae, nil]
0x8807e	[0x4a9, nil]
0x88080	[0x4ab, nil]
0x88083	[0x4ae, nil]
0x880a7	[0x841, nil]
0x880cb	[0x4a9, nil]
0x880cd	[0x4ab, nil]
0x880d0	[0x4ae, nil]
0x9dd69	[0xc6c, nil]
0xb3a45	[0xc6c, nil]
0xc973d	[0x220, nil]
0xc973f	[0x222, nil]
0xc9743	[0x226, nil]
0xc9745	[0x228, nil]
0xcdbfd	[0x229, nil]
0xcdc3e	[0x246, nil]
0xcdc40	[0x248, nil]
0xcdc41	[0x249, nil]
0xcdc43	[0x24b, nil]
0xcdc45	[0x24d, nil]
0xcdc47	[0x24f, nil]
0xcdc48	[0x250, nil]
0xcdc4b	[0x253, nil]
0xcdc4e	[0x256, nil]
0xcdc50	[0x258, nil]
0xcdc51	[0x259, nil]
0xcdc75	[0x220, nil]
0xcdc77	[0x222, nil]
0xcdc7b	[0x226, nil]
0xcdc7d	[0x228, nil]
0xd2135	[0x229, nil]
0xd2176	[0x246, nil]
0xd2178	[0x248, nil]
0xd2179	[0x249, nil]
0xd217b	[0x24b, nil]
0xd217d	[0x24d, nil]
0xd217f	[0x24f, nil]
0xd2180	[0x250, nil]
0xd2183	[0x253, nil]
0xd2186	[0x256, nil]
0xd2188	[0x258, nil]
0xd2189	[0x259, nil]
0xd21ad	[0x220, nil]
0xd21af	[0x222, nil]
0xd21b3	[0x226, nil]
0xd21b5	[0x228, nil]
0xd666d	[0x229, nil]
0xd66ae	[0x246, nil]
0xd66b0	[0x248, nil]
0xd66b1	[0x249, nil]
0xd66b3	[0x24b, nil]
0xd66b5	[0x24d, nil]
0xd66b7	[0x24f, nil]
0xd66b8	[0x250, nil]
0xd66bb	[0x253, nil]
0xd66be	[0x256, nil]
0xd66c0	[0x258, nil]
0xd66c1	[0x259, nil]
0xd66e5	[0x220, nil]
0xd66e7	[0x222, nil]
0xd66eb	[0x226, nil]
0xd66ed	[0x228, nil]
0xdaba5	[0x229, nil]
0xdabe6	[0x220, nil]
0xdabe8	[0x222, nil]
0xdabec	[0x226, nil]
0xdabee	[0x228, nil]
0xdf0a6	[0x229, nil]
0xdf0e7	[0x220, nil]
0xdf0e9	[0x222, nil]
0xdf0ed	[0x226, nil]
0xdf0ef	[0x228, nil]
0xe35a7	[0x229, nil]
0xe35e8	[0x220, nil]
0xe35ea	[0x222, nil]
0xe35ee	[0x226, nil]
0xe35f0	[0x228, nil]
0xe7aa8	[0x229, nil]
0xe7ae9	[0x246, nil]
0xe7aeb	[0x248, nil]
0xe7aec	[0x249, nil]
0xe7aee	[0x24b, nil]
0xe7af0	[0x24d, nil]
0xe7af2	[0x24f, nil]
0xe7af3	[0x250, nil]
0xe7af6	[0x253, nil]
0xe7af9	[0x256, nil]
0xe7afb	[0x258, nil]
0xe7afc	[0x259, nil]
0xe7b20	[0x220, nil]
0xe7b22	[0x222, nil]
0xe7b26	[0x226, nil]
0xe7b28	[0x228, nil]
0xebfe0	[0x229, nil]
0xec021	[0x220, nil]
0xec023	[0x222, nil]
0xec027	[0x226, nil]
0xec029	[0x228, nil]
0xf04e1	[0x229, nil]
0xf0522	[0x220, nil]
0xf0524	[0x222, nil]
0xf0528	[0x226, nil]
0xf052a	[0x228, nil]
0xf49e2	[0x229, nil]
0xf4a23	[0x246, nil]
0xf4a25	[0x248, nil]
0xf4a26	[0x249, nil]
0xf4a28	[0x24b, nil]
0xf4a2a	[0x24d, nil]
0xf4a2c	[0x24f, nil]
0xf4a2d	[0x250, nil]
0xf4a30	[0x253, nil]
0xf4a33	[0x256, nil]
0xf4a35	[0x258, nil]
0xf4a36	[0x259, nil]
0xf4a5a	[0x220, nil]
0xf4a5c	[0x222, nil]
0xf4a60	[0x226, nil]
0xf4a62	[0x228, nil]
0xf8f1a	[0x229, nil]
0xf8f5b	[0x246, nil]
0xf8f5d	[0x248, nil]
0xf8f5e	[0x249, nil]
0xf8f60	[0x24b, nil]
0xf8f62	[0x24d, nil]
0xf8f64	[0x24f, nil]
0xf8f65	[0x250, nil]
0xf8f68	[0x253, nil]
0xf8f6b	[0x256, nil]
0xf8f6d	[0x258, nil]
0xf8f6e	[0x259, nil]
0xf8f92	[0x220, nil]
0xf8f94	[0x222, nil]
0xf8f98	[0x226, nil]
0xf8f9a	[0x228, nil]
0xfd452	[0x229, nil]
0xfd493	[0x246, nil]
0xfd495	[0x248, nil]
0xfd496	[0x249, nil]
0xfd498	[0x24b, nil]
0xfd49a	[0x24d, nil]
0xfd49c	[0x24f, nil]
0xfd49d	[0x250, nil]
0xfd4a0	[0x253, nil]
0xfd4a3	[0x256, nil]
0xfd4a5	[0x258, nil]
0xfd4a6	[0x259, nil]
0xfd4ca	[0x220, nil]
0xfd4cc	[0x222, nil]
0xfd4d0	[0x226, nil]
0xfd4d2	[0x228, nil]
0x10198a	[0x229, nil]
0x1019cb	[0x220, nil]
0x1019cd	[0x222, nil]
0x1019d1	[0x226, nil]
0x1019d3	[0x228, nil]
0x105e8b	[0x229, nil]
0x105ecc	[0x220, nil]
0x105ece	[0x222, nil]
0x105ed2	[0x226, nil]
0x105ed4	[0x228, nil]
0x10a38c	[0x229, nil]
0x10a3cd	[0x220, nil]
0x10a3cf	[0x222, nil]
0x10a3d3	[0x226, nil]
0x10a3d5	[0x228, nil]
0x10e88d	[0x229, nil]
0x10e8ce	[0x220, nil]
0x10e8d0	[0x222, nil]
0x10e8d4	[0x226, nil]
0x10e8d6	[0x228, nil]
0x112d8e	[0x229, nil]
0x112dcf	[0x246, nil]
0x112dd1	[0x248, nil]
0x112dd2	[0x249, nil]
0x112dd4	[0x24b, nil]
0x112dd6	[0x24d, nil]
0x112dd8	[0x24f, nil]
0x112dd9	[0x250, nil]
0x112ddc	[0x253, nil]
0x112ddf	[0x256, nil]
0x112de1	[0x258, nil]
0x112de2	[0x259, nil]
0x112e06	[0x220, nil]
0x112e08	[0x222, nil]
0x112e0c	[0x226, nil]
0x112e0e	[0x228, nil]
0x1172c6	[0x229, nil]
0x117307	[0x220, nil]
0x117309	[0x222, nil]
0x11730d	[0x226, nil]
0x11730f	[0x228, nil]
0x11b7c7	[0x229, nil]
0x11b808	[0x220, nil]
0x11b80a	[0x222, nil]
0x11b80e	[0x226, nil]
0x11b810	[0x228, nil]
0x11fcc8	[0x229, nil]
0x23fb18	[0x16, nil]
0x240518	[0x48, nil]
0x240f18	[0x53, nil]
0x241918	[0x5e, nil]
0x242318	[0x69, nil]
0x242d18	[0x74, nil]
0x243718	[0x84, nil]
0x244118	[0x8f, nil]
0x244b18	[0x9a, nil]
0x245518	[0xa5, nil]
0x245f18	[0xc0, nil]
0x246918	[0xcb, nil]
0x247318	[0xd6, nil]
0x247d18	[0xe1, nil]
0x248718	[0xec, nil]
0x249118	[0xfc, nil]
0x249b18	[0x107, nil]
0x24a518	[0x112, nil]
0x24af18	[0x11d, nil]
0x24b918	[0x143, nil]
0x24c318	[0x14e, nil]
0x24cd18	[0x159, nil]
0x24d718	[0x164, nil]
0x24e118	[0x16f, nil]
0x24eb18	[0x17f, nil]
0x24f518	[0x18a, nil]
0x24ff18	[0x195, nil]
0x250918	[0x1a0, nil]
0x251318	[0x1bb, nil]
0x251d18	[0x1c6, nil]
0x252718	[0x1d1, nil]
0x253118	[0x1dc, nil]
0x253b18	[0x1ec, nil]
0x254518	[0x1f7, nil]
0x254f18	[0x202, nil]
0x255918	[0x20d, nil]
0x256338	[0x211, nil]
0x256d38	[0x216, nil]
0x257738	[0x232, nil]
0x258138	[0x25d, nil]
0x258b38	[0x26f, nil]
0x259538	[0x282, nil]
0x259f38	[0x28b, nil]
0x25a938	[0x29e, nil]
0x25b338	[0x2a7, nil]
0x25bd38	[0x2b0, nil]
0x25c738	[0x2b9, nil]
0x25d138	[0x2c1, nil]
0x25db38	[0x2ca, nil]
0x25e538	[0x2d4, nil]
0x25ef38	[0x2e7, nil]
0x25f938	[0x2f0, nil]
0x260338	[0x2f9, nil]
0x260d38	[0x301, nil]
0x261738	[0x309, nil]
0x262138	[0x312, nil]
0x262b38	[0x325, nil]
0x263538	[0x32d, nil]
0x263f38	[0x33f, nil]
0x264938	[0x352, nil]
0x265338	[0x364, nil]
0x265d38	[0x36c, nil]
0x266738	[0x374, nil]
0x267138	[0x387, nil]
0x267b38	[0x390, nil]
0x268538	[0x399, nil]
0x268f38	[0x3ab, nil]
0x269938	[0x3b4, nil]
0x26a338	[0x3c6, nil]
0x26ad38	[0x3d9, nil]
0x26b738	[0x3e2, nil]
0x26c138	[0x3f4, nil]
0x50c	[0x50c, nil]
0x537	[0x537, nil]
0x5de	[0x5de, nil]
0x867	[0x867, nil]
0x892	[0x892, nil]
0x939	[0x939, nil]
0x9ca	[0x9ca, nil]
0x9f5	[0x9f5, nil]
0xa9c	[0xa9c, nil]
0xb2d	[0xb2d, nil]
0xb58	[0xb58, nil]
0xc03	[0xc03, nil]
0x5d5	[0x5d5, nil]
0x83e	[0x83e, nil]
0x930	[0x930, nil]
0x9a7	[0x9a7, nil]
0xa93	[0xa93, nil]
0xb0a	[0xb0a, nil]
0xbfa	[0xbfa, nil]
0x4e9	[0x4e9, nil]
0x87f70	[0x844, nil]
0x8800d	[0x844, nil]
0x880aa	[0x844, nil]
0xc99	[0xc99, nil]
0xd4d	[0xd4d, nil]
0x22f0x216	[0x22f, nil]
0x22f0x232	[0x22f, nil]
0x22f0x25d	[0x22f, nil]
0x22f0x26f	[0x22f, nil]
0x22f0x282	[0x22f, nil]
0x22f0x28b	[0x22f, nil]
0x22f0x29e	[0x22f, nil]
0x22f0x2a7	[0x22f, nil]
0x22f0x2b0	[0x22f, nil]
0x22f0x2b9	[0x22f, nil]
0x22f0x2c1	[0x22f, nil]
0x22f0x2d4	[0x22f, nil]
0x22f0x2e7	[0x22f, nil]
0x22f0x2f0	[0x22f, nil]
0x22f0x309	[0x22f, nil]
0x22f0x312	[0x22f, nil]
0x22f0x32d	[0x22f, nil]
0x22f0x33f	[0x22f, nil]
0x22f0x352	[0x22f, nil]
0x22f0x374	[0x22f, nil]
0x22f0x387	[0x22f, nil]
0x22f0x390	[0x22f, nil]
0x22f0x399	[0x22f, nil]
0x22f0x3ab	[0x22f, nil]
0x22f0x3b4	[0x22f, nil]
0x22f0x3c6	[0x22f, nil]
0x22f0x3d9	[0x22f, nil]
0x22f0x3e2	[0x22f, nil]
0x22f0x3f4	[0x22f, nil]
0x22c0x216	[0x22c, nil]
0x22c0x232	[0x22c, nil]
0x22c0x25d	[0x22c, nil]
0x22c0x26f	[0x22c, nil]
0x22c0x282	[0x22c, nil]
0x22c0x28b	[0x22c, nil]
0x22c0x29e	[0x22c, nil]
0x22c0x2a7	[0x22c, nil]
0x22c0x2b0	[0x22c, nil]
0x22c0x2b9	[0x22c, nil]
0x22c0x2c1	[0x22c, nil]
0x22c0x2d4	[0x22c, nil]
0x22c0x2e7	[0x22c, nil]
0x22c0x2f0	[0x22c, nil]
0x22c0x309	[0x22c, nil]
0x22c0x312	[0x22c, nil]
0x22c0x32d	[0x22c, nil]
0x22c0x33f	[0x22c, nil]
0x22c0x352	[0x22c, nil]
0x22c0x374	[0x22c, nil]
0x22c0x387	[0x22c, nil]
0x22c0x390	[0x22c, nil]
0x22c0x399	[0x22c, nil]
0x22c0x3ab	[0x22c, nil]
0x22c0x3b4	[0x22c, nil]
0x22c0x3c6	[0x22c, nil]
0x22c0x3d9	[0x22c, nil]
0x22c0x3e2	[0x22c, nil]
0x22c0x3f4	[0x22c, nil]
0x22a0x216	[0x22a, nil]
0x22a0x232	[0x22a, nil]
0x22a0x25d	[0x22a, nil]
0x22a0x26f	[0x22a, nil]
0x22a0x282	[0x22a, nil]
0x22a0x28b	[0x22a, nil]
0x22a0x29e	[0x22a, nil]
0x22a0x2a7	[0x22a, nil]
0x22a0x2b0	[0x22a, nil]
0x22a0x2b9	[0x22a, nil]
0x22a0x2c1	[0x22a, nil]
0x22a0x2d4	[0x22a, nil]
0x22a0x2e7	[0x22a, nil]
0x22a0x2f0	[0x22a, nil]
0x22a0x309	[0x22a, nil]
0x22a0x312	[0x22a, nil]
0x22a0x32d	[0x22a, nil]
0x22a0x33f	[0x22a, nil]
0x22a0x352	[0x22a, nil]
0x22a0x374	[0x22a, nil]
0x22a0x387	[0x22a, nil]
0x22a0x390	[0x22a, nil]
0x22a0x399	[0x22a, nil]
0x22a0x3ab	[0x22a, nil]
0x22a0x3b4	[0x22a, nil]
0x22a0x3c6	[0x22a, nil]
0x22a0x3d9	[0x22a, nil]
0x22a0x3e2	[0x22a, nil]
0x22a0x3f4	[0x22a, nil]
0xdeeS0x491	[0x4a7, [0xdee, nil]]
0xdf3S0x491	[0x4a7, [0xdf3, nil]]
0xdf7S0x491	[0x4a7, [0xdf7, nil]]
0xdf9S0x491	[0x4a7, [0xdf9, nil]]
0xe10S0x491	[0x4a7, [0xe10, nil]]
0xe12S0x491	[0x4a7, [0xe12, nil]]
0xe13S0x491	[0x4a7, [0xe13, nil]]
0xe16S0x491	[0x4a7, [0xe16, nil]]
0xe18S0x491	[0x4a7, [0xe18, nil]]
0xe1aS0x491	[0x4a7, [0xe1a, nil]]
0xd8fS0x4bb	[0x4d1, [0xd8f, nil]]
0xd94S0x4bb	[0x4d1, [0xd94, nil]]
0xd98S0x4bb	[0x4d1, [0xd98, nil]]
0xd9aS0x4bb	[0x4d1, [0xd9a, nil]]
0xdbbS0x4bb	[0x4d1, [0xdbb, nil]]
0xdbeS0x4bb	[0x4d1, [0xdbe, nil]]
0xdc0S0x4bb	[0x4d1, [0xdc0, nil]]
0xdc2S0x4bb	[0x4d1, [0xdc2, nil]]
0xdc6S0x514	[0x52a, [0xdc6, nil]]
0xdcbS0x514	[0x52a, [0xdcb, nil]]
0xdcfS0x514	[0x52a, [0xdcf, nil]]
0xdd1S0x514	[0x52a, [0xdd1, nil]]
0xde0S0x514	[0x52a, [0xde0, nil]]
0xde2S0x514	[0x52a, [0xde2, nil]]
0xde3S0x514	[0x52a, [0xde3, nil]]
0xde6S0x514	[0x52a, [0xde6, nil]]
0xde8S0x514	[0x52a, [0xde8, nil]]
0xdeaS0x514	[0x52a, [0xdea, nil]]
0xdeeS0x7ea	[0x800, [0xdee, nil]]
0xdf3S0x7ea	[0x800, [0xdf3, nil]]
0xdf7S0x7ea	[0x800, [0xdf7, nil]]
0xdf9S0x7ea	[0x800, [0xdf9, nil]]
0xe10S0x7ea	[0x800, [0xe10, nil]]
0xe12S0x7ea	[0x800, [0xe12, nil]]
0xe13S0x7ea	[0x800, [0xe13, nil]]
0xe16S0x7ea	[0x800, [0xe16, nil]]
0xe18S0x7ea	[0x800, [0xe18, nil]]
0xe1aS0x7ea	[0x800, [0xe1a, nil]]
0xd8fS0x80b	[0x821, [0xd8f, nil]]
0xd94S0x80b	[0x821, [0xd94, nil]]
0xd98S0x80b	[0x821, [0xd98, nil]]
0xd9aS0x80b	[0x821, [0xd9a, nil]]
0xdbbS0x80b	[0x821, [0xdbb, nil]]
0xdbeS0x80b	[0x821, [0xdbe, nil]]
0xdc0S0x80b	[0x821, [0xdc0, nil]]
0xdc2S0x80b	[0x821, [0xdc2, nil]]
0xdc6S0x86f	[0x885, [0xdc6, nil]]
0xdcbS0x86f	[0x885, [0xdcb, nil]]
0xdcfS0x86f	[0x885, [0xdcf, nil]]
0xdd1S0x86f	[0x885, [0xdd1, nil]]
0xde0S0x86f	[0x885, [0xde0, nil]]
0xde2S0x86f	[0x885, [0xde2, nil]]
0xde3S0x86f	[0x885, [0xde3, nil]]
0xde6S0x86f	[0x885, [0xde6, nil]]
0xde8S0x86f	[0x885, [0xde8, nil]]
0xdeaS0x86f	[0x885, [0xdea, nil]]
0xdeeS0x953	[0x969, [0xdee, nil]]
0xdf3S0x953	[0x969, [0xdf3, nil]]
0xdf7S0x953	[0x969, [0xdf7, nil]]
0xdf9S0x953	[0x969, [0xdf9, nil]]
0xe10S0x953	[0x969, [0xe10, nil]]
0xe12S0x953	[0x969, [0xe12, nil]]
0xe13S0x953	[0x969, [0xe13, nil]]
0xe16S0x953	[0x969, [0xe16, nil]]
0xe18S0x953	[0x969, [0xe18, nil]]
0xe1aS0x953	[0x969, [0xe1a, nil]]
0xd8fS0x974	[0x98a, [0xd8f, nil]]
0xd94S0x974	[0x98a, [0xd94, nil]]
0xd98S0x974	[0x98a, [0xd98, nil]]
0xd9aS0x974	[0x98a, [0xd9a, nil]]
0xdbbS0x974	[0x98a, [0xdbb, nil]]
0xdbeS0x974	[0x98a, [0xdbe, nil]]
0xdc0S0x974	[0x98a, [0xdc0, nil]]
0xdc2S0x974	[0x98a, [0xdc2, nil]]
0xdc6S0x9d2	[0x9e8, [0xdc6, nil]]
0xdcbS0x9d2	[0x9e8, [0xdcb, nil]]
0xdcfS0x9d2	[0x9e8, [0xdcf, nil]]
0xdd1S0x9d2	[0x9e8, [0xdd1, nil]]
0xde0S0x9d2	[0x9e8, [0xde0, nil]]
0xde2S0x9d2	[0x9e8, [0xde2, nil]]
0xde3S0x9d2	[0x9e8, [0xde3, nil]]
0xde6S0x9d2	[0x9e8, [0xde6, nil]]
0xde8S0x9d2	[0x9e8, [0xde8, nil]]
0xdeaS0x9d2	[0x9e8, [0xdea, nil]]
0xdeeS0xab6	[0xacc, [0xdee, nil]]
0xdf3S0xab6	[0xacc, [0xdf3, nil]]
0xdf7S0xab6	[0xacc, [0xdf7, nil]]
0xdf9S0xab6	[0xacc, [0xdf9, nil]]
0xe10S0xab6	[0xacc, [0xe10, nil]]
0xe12S0xab6	[0xacc, [0xe12, nil]]
0xe13S0xab6	[0xacc, [0xe13, nil]]
0xe16S0xab6	[0xacc, [0xe16, nil]]
0xe18S0xab6	[0xacc, [0xe18, nil]]
0xe1aS0xab6	[0xacc, [0xe1a, nil]]
0xd8fS0xad7	[0xaed, [0xd8f, nil]]
0xd94S0xad7	[0xaed, [0xd94, nil]]
0xd98S0xad7	[0xaed, [0xd98, nil]]
0xd9aS0xad7	[0xaed, [0xd9a, nil]]
0xdbbS0xad7	[0xaed, [0xdbb, nil]]
0xdbeS0xad7	[0xaed, [0xdbe, nil]]
0xdc0S0xad7	[0xaed, [0xdc0, nil]]
0xdc2S0xad7	[0xaed, [0xdc2, nil]]
0xdc6S0xb35	[0xb4b, [0xdc6, nil]]
0xdcbS0xb35	[0xb4b, [0xdcb, nil]]
0xdcfS0xb35	[0xb4b, [0xdcf, nil]]
0xdd1S0xb35	[0xb4b, [0xdd1, nil]]
0xde0S0xb35	[0xb4b, [0xde0, nil]]
0xde2S0xb35	[0xb4b, [0xde2, nil]]
0xde3S0xb35	[0xb4b, [0xde3, nil]]
0xde6S0xb35	[0xb4b, [0xde6, nil]]
0xde8S0xb35	[0xb4b, [0xde8, nil]]
0xdeaS0xb35	[0xb4b, [0xdea, nil]]
0xd57S0x59f	[0x5c2, [0xd57, nil]]
0xd59S0x59f	[0x5c2, [0xd59, nil]]
0xd5dS0x59f	[0x5c2, [0xd5d, nil]]
0xd5eS0x59f	[0x5c2, [0xd5e, nil]]
0xd5fS0x59f	[0x5c2, [0xd5f, nil]]
0xd60S0x59f	[0x5c2, [0xd60, nil]]
0xd69S0x59f	[0x5c2, [0xd69, nil]]
0xd6bS0x59f	[0x5c2, [0xd6b, nil]]
0xd6cS0x59f	[0x5c2, [0xd6c, nil]]
0xd6eS0x59f	[0x5c2, [0xd6e, nil]]
0xd6fS0x59f	[0x5c2, [0xd6f, nil]]
0xc96fcS0x59f	[0x5c2, [0xc6c, nil]]
0xd57S0x8fa	[0x91d, [0xd57, nil]]
0xd59S0x8fa	[0x91d, [0xd59, nil]]
0xd5dS0x8fa	[0x91d, [0xd5d, nil]]
0xd5eS0x8fa	[0x91d, [0xd5e, nil]]
0xd5fS0x8fa	[0x91d, [0xd5f, nil]]
0xd60S0x8fa	[0x91d, [0xd60, nil]]
0xd69S0x8fa	[0x91d, [0xd69, nil]]
0xd6bS0x8fa	[0x91d, [0xd6b, nil]]
0xd6cS0x8fa	[0x91d, [0xd6c, nil]]
0xd6eS0x8fa	[0x91d, [0xd6e, nil]]
0xd6fS0x8fa	[0x91d, [0xd6f, nil]]
0xc96fcS0x8fa	[0x91d, [0xc6c, nil]]
0xd57S0xa5d	[0xa80, [0xd57, nil]]
0xd59S0xa5d	[0xa80, [0xd59, nil]]
0xd5dS0xa5d	[0xa80, [0xd5d, nil]]
0xd5eS0xa5d	[0xa80, [0xd5e, nil]]
0xd5fS0xa5d	[0xa80, [0xd5f, nil]]
0xd60S0xa5d	[0xa80, [0xd60, nil]]
0xd69S0xa5d	[0xa80, [0xd69, nil]]
0xd6bS0xa5d	[0xa80, [0xd6b, nil]]
0xd6cS0xa5d	[0xa80, [0xd6c, nil]]
0xd6eS0xa5d	[0xa80, [0xd6e, nil]]
0xd6fS0xa5d	[0xa80, [0xd6f, nil]]
0xc96fcS0xa5d	[0xa80, [0xc6c, nil]]
0xd57S0xbc4	[0xbe7, [0xd57, nil]]
0xd59S0xbc4	[0xbe7, [0xd59, nil]]
0xd5dS0xbc4	[0xbe7, [0xd5d, nil]]
0xd5eS0xbc4	[0xbe7, [0xd5e, nil]]
0xd5fS0xbc4	[0xbe7, [0xd5f, nil]]
0xd60S0xbc4	[0xbe7, [0xd60, nil]]
0xd69S0xbc4	[0xbe7, [0xd69, nil]]
0xd6bS0xbc4	[0xbe7, [0xd6b, nil]]
0xd6cS0xbc4	[0xbe7, [0xd6c, nil]]
0xd6eS0xbc4	[0xbe7, [0xd6e, nil]]
0xd6fS0xbc4	[0xbe7, [0xd6f, nil]]
0xc96fcS0xbc4	[0xbe7, [0xc6c, nil]]
0x43dS0x2b9	[0x2c0, [0x43d, nil]]
0x44cS0x2b9	[0x2c0, [0x44c, nil]]
0x44dS0x2b9	[0x2c0, [0x44d, nil]]
0x451S0x2b9	[0x2c0, [0x451, nil]]
0x452S0x2b9	[0x2c0, [0x452, nil]]
0x3feS0x2b9	[0x2c0, [0x3fe, nil]]
0x400S0x2b9	[0x2c0, [0x400, nil]]
0x401S0x2b9	[0x2c0, [0x401, nil]]
0x403S0x2b9	[0x2c0, [0x403, nil]]
0x404S0x2b9	[0x2c0, [0x404, nil]]
0x409S0x2b9	[0x2c0, [0x409, nil]]
0x40bS0x2b9	[0x2c0, [0x40b, nil]]
0x40eS0x2b9	[0x2c0, [0x40e, nil]]
0x40fS0x2b9	[0x2c0, [0x40f, nil]]
0x412S0x2b9	[0x2c0, [0x412, nil]]
0x414S0x2b9	[0x2c0, [0x414, nil]]
0x417S0x2b9	[0x2c0, [0x417, nil]]
0x419S0x2b9	[0x2c0, [0x419, nil]]
0x41bS0x2b9	[0x2c0, [0x41b, nil]]
0x41dS0x2b9	[0x2c0, [0x41d, nil]]
0x41eS0x2b9	[0x2c0, [0x41e, nil]]
0x41fS0x2b9	[0x2c0, [0x41f, nil]]
0x421S0x2b9	[0x2c0, [0x421, nil]]
0x427S0x2b9	[0x2c0, [0x427, nil]]
0x429S0x2b9	[0x2c0, [0x429, nil]]
0x42aS0x2b9	[0x2c0, [0x42a, nil]]
0x42cS0x2b9	[0x2c0, [0x42c, nil]]
0x42eS0x2b9	[0x2c0, [0x42e, nil]]
0x431S0x2b9	[0x2c0, [0x431, nil]]
0x435S0x2b9	[0x2c0, [0x435, nil]]
0x436S0x2b9	[0x2c0, [0x436, nil]]
0x438S0x2b9	[0x2c0, [0x438, nil]]
0x439S0x2b9	[0x2c0, [0x439, nil]]
0x443S0x2b9	[0x2c0, [0x443, nil]]
0x444S0x2b9	[0x2c0, [0x444, nil]]
0x445S0x2b9	[0x2c0, [0x445, nil]]
0x447S0x2b9	[0x2c0, [0x447, nil]]
0x448S0x2b9	[0x2c0, [0x448, nil]]
0x45aS0x2b9	[0x2c0, [0x45a, nil]]
0x45cS0x2b9	[0x2c0, [0x45c, nil]]
0x45dS0x2b9	[0x2c0, [0x45d, nil]]
0x45eS0x2b9	[0x2c0, [0x45e, nil]]
0x460S0x2b9	[0x2c0, [0x460, nil]]
0x461S0x2b9	[0x2c0, [0x461, nil]]
0x464S0x2b9	[0x2c0, [0x464, nil]]
0x465S0x2b9	[0x2c0, [0x465, nil]]
0x467S0x2b9	[0x2c0, [0x467, nil]]
0x469S0x2b9	[0x2c0, [0x469, nil]]
0x46eS0x2b9	[0x2c0, [0x46e, nil]]
0x470S0x2b9	[0x2c0, [0x470, nil]]
0x475S0x2b9	[0x2c0, [0x475, nil]]
0xd77S0x2b9	[0x2c0, [0xd77, nil]]
0xd79S0x2b9	[0x2c0, [0xd79, nil]]
0xd7dS0x2b9	[0x2c0, [0xd7d, nil]]
0xd7eS0x2b9	[0x2c0, [0xd7e, nil]]
0xd7fS0x2b9	[0x2c0, [0xd7f, nil]]
0xd80S0x2b9	[0x2c0, [0xd80, nil]]
0xd89S0x2b9	[0x2c0, [0xd89, nil]]
0x5f8S0x2f9	[0x300, [0x5f8, nil]]
0x5faS0x2f9	[0x300, [0x5fa, nil]]
0x5fbS0x2f9	[0x300, [0x5fb, nil]]
0x5ffS0x2f9	[0x300, [0x5ff, nil]]
0x601S0x2f9	[0x300, [0x601, nil]]
0x604S0x2f9	[0x300, [0x604, nil]]
0x606S0x2f9	[0x300, [0x606, nil]]
0x607S0x2f9	[0x300, [0x607, nil]]
0x60bS0x2f9	[0x300, [0x60b, nil]]
0x619S0x2f9	[0x300, [0x619, nil]]
0x61bS0x2f9	[0x300, [0x61b, nil]]
0x61cS0x2f9	[0x300, [0x61c, nil]]
0x620S0x2f9	[0x300, [0x620, nil]]
0x622S0x2f9	[0x300, [0x622, nil]]
0x625S0x2f9	[0x300, [0x625, nil]]
0x627S0x2f9	[0x300, [0x627, nil]]
0x628S0x2f9	[0x300, [0x628, nil]]
0x62cS0x2f9	[0x300, [0x62c, nil]]
0x653S0x2f9	[0x300, [0x653, nil]]
0x655S0x2f9	[0x300, [0x655, nil]]
0x656S0x2f9	[0x300, [0x656, nil]]
0x65aS0x2f9	[0x300, [0x65a, nil]]
0x65cS0x2f9	[0x300, [0x65c, nil]]
0x65fS0x2f9	[0x300, [0x65f, nil]]
0x661S0x2f9	[0x300, [0x661, nil]]
0x662S0x2f9	[0x300, [0x662, nil]]
0x666S0x2f9	[0x300, [0x666, nil]]
0x6dc0x5e5S0x2f9	[0x300, [0x6dc, nil]]
0x6db0x5e5S0x2f9	[0x300, [0x6db, nil]]
0x6d70x5e5S0x2f9	[0x300, [0x6d7, nil]]
0x6d60x5e5S0x2f9	[0x300, [0x6d6, nil]]
0x6c70x5e5S0x2f9	[0x300, [0x6c7, nil]]
0x5e6S0x2f9	[0x300, [0x5e6, nil]]
0x5e8S0x2f9	[0x300, [0x5e8, nil]]
0x5e9S0x2f9	[0x300, [0x5e9, nil]]
0x5ebS0x2f9	[0x300, [0x5eb, nil]]
0x5edS0x2f9	[0x300, [0x5ed, nil]]
0x5efS0x2f9	[0x300, [0x5ef, nil]]
0x5f0S0x2f9	[0x300, [0x5f0, nil]]
0x5f1S0x2f9	[0x300, [0x5f1, nil]]
0x5f2S0x2f9	[0x300, [0x5f2, nil]]
0x5f3S0x2f9	[0x300, [0x5f3, nil]]
0x5f4S0x2f9	[0x300, [0x5f4, nil]]
0x610S0x2f9	[0x300, [0x610, nil]]
0x612S0x2f9	[0x300, [0x612, nil]]
0x613S0x2f9	[0x300, [0x613, nil]]
0x614S0x2f9	[0x300, [0x614, nil]]
0x615S0x2f9	[0x300, [0x615, nil]]
0x87e2cS0x2f9	[0x300, [0x4a9, nil]]
0x87e2eS0x2f9	[0x300, [0x4ab, nil]]
0x87e31S0x2f9	[0x300, [0x4ae, nil]]
0x631S0x2f9	[0x300, [0x631, nil]]
0x633S0x2f9	[0x300, [0x633, nil]]
0x634S0x2f9	[0x300, [0x634, nil]]
0x643S0x2f9	[0x300, [0x643, nil]]
0x648S0x2f9	[0x300, [0x648, nil]]
0x64bS0x2f9	[0x300, [0x64b, nil]]
0x87e54S0x2f9	[0x300, [0x4a9, nil]]
0x87e56S0x2f9	[0x300, [0x4ab, nil]]
0x87e59S0x2f9	[0x300, [0x4ae, nil]]
0x64dS0x2f9	[0x300, [0x64d, nil]]
0x64eS0x2f9	[0x300, [0x64e, nil]]
0x64fS0x2f9	[0x300, [0x64f, nil]]
0x66bS0x2f9	[0x300, [0x66b, nil]]
0x66dS0x2f9	[0x300, [0x66d, nil]]
0x66eS0x2f9	[0x300, [0x66e, nil]]
0x673S0x2f9	[0x300, [0x673, nil]]
0x676S0x2f9	[0x300, [0x676, nil]]
0x87e7cS0x2f9	[0x300, [0x4a9, nil]]
0x87e7eS0x2f9	[0x300, [0x4ab, nil]]
0x87e81S0x2f9	[0x300, [0x4ae, nil]]
0x678S0x2f9	[0x300, [0x678, nil]]
0x67bS0x2f9	[0x300, [0x67b, nil]]
0x67dS0x2f9	[0x300, [0x67d, nil]]
0x67eS0x2f9	[0x300, [0x67e, nil]]
0x680S0x2f9	[0x300, [0x680, nil]]
0x681S0x2f9	[0x300, [0x681, nil]]
0x683S0x2f9	[0x300, [0x683, nil]]
0x684S0x2f9	[0x300, [0x684, nil]]
0x689S0x2f9	[0x300, [0x689, nil]]
0x68bS0x2f9	[0x300, [0x68b, nil]]
0x68eS0x2f9	[0x300, [0x68e, nil]]
0x690S0x2f9	[0x300, [0x690, nil]]
0x692S0x2f9	[0x300, [0x692, nil]]
0x694S0x2f9	[0x300, [0x694, nil]]
0x695S0x2f9	[0x300, [0x695, nil]]
0x698S0x2f9	[0x300, [0x698, nil]]
0x699S0x2f9	[0x300, [0x699, nil]]
0x69cS0x2f9	[0x300, [0x69c, nil]]
0x69eS0x2f9	[0x300, [0x69e, nil]]
0x6a1S0x2f9	[0x300, [0x6a1, nil]]
0x6a6S0x2f9	[0x300, [0x6a6, nil]]
0x6a8S0x2f9	[0x300, [0x6a8, nil]]
0x6aeS0x2f9	[0x300, [0x6ae, nil]]
0x6b0S0x2f9	[0x300, [0x6b0, nil]]
0x15ee0S0x2f9	[0x300, [0x6b1, nil]]
0x6fa0x5e5S0x2f9	[0x300, [0x6fa, nil]]
0x6ff0x5e5S0x2f9	[0x300, [0x6ff, nil]]
0x6f80x5e5S0x2f9	[0x300, [0x6f8, nil]]
0x6f30x5e5S0x2f9	[0x300, [0x6f3, nil]]
0x6f10x5e5S0x2f9	[0x300, [0x6f1, nil]]
0x6ef0x5e5S0x2f9	[0x300, [0x6ef, nil]]
0x6ee0x5e5S0x2f9	[0x300, [0x6ee, nil]]
0x6eb0x5e5S0x2f9	[0x300, [0x6eb, nil]]
0x6ea0x5e5S0x2f9	[0x300, [0x6ea, nil]]
0x6e80x5e5S0x2f9	[0x300, [0x6e8, nil]]
0x6e70x5e5S0x2f9	[0x300, [0x6e7, nil]]
0x6e60x5e5S0x2f9	[0x300, [0x6e6, nil]]
0x6e40x5e5S0x2f9	[0x300, [0x6e4, nil]]
0x6d20x5e5S0x2f9	[0x300, [0x6d2, nil]]
0x6d10x5e5S0x2f9	[0x300, [0x6d1, nil]]
0x6cf0x5e5S0x2f9	[0x300, [0x6cf, nil]]
0x6ce0x5e5S0x2f9	[0x300, [0x6ce, nil]]
0x6cd0x5e5S0x2f9	[0x300, [0x6cd, nil]]
0x6c30x5e5S0x2f9	[0x300, [0x6c3, nil]]
0x6c20x5e5S0x2f9	[0x300, [0x6c2, nil]]
0x6c00x5e5S0x2f9	[0x300, [0x6c0, nil]]
0x6bf0x5e5S0x2f9	[0x300, [0x6bf, nil]]
0x6bb0x5e5S0x2f9	[0x300, [0x6bb, nil]]
0x6b90x5e5S0x2f9	[0x300, [0x6b9, nil]]
0x6b60x5e5S0x2f9	[0x300, [0x6b6, nil]]
0x6b40x5e5S0x2f9	[0x300, [0x6b4, nil]]
0x6b20x5e5S0x2f9	[0x300, [0x6b2, nil]]
0xdeeS0x5f8S0x2f9	[0x300, [0x60e, [0xdee, nil]]]
0xdf3S0x5f8S0x2f9	[0x300, [0x60e, [0xdf3, nil]]]
0xdf7S0x5f8S0x2f9	[0x300, [0x60e, [0xdf7, nil]]]
0xdf9S0x5f8S0x2f9	[0x300, [0x60e, [0xdf9, nil]]]
0xe10S0x5f8S0x2f9	[0x300, [0x60e, [0xe10, nil]]]
0xe12S0x5f8S0x2f9	[0x300, [0x60e, [0xe12, nil]]]
0xe13S0x5f8S0x2f9	[0x300, [0x60e, [0xe13, nil]]]
0xe16S0x5f8S0x2f9	[0x300, [0x60e, [0xe16, nil]]]
0xe18S0x5f8S0x2f9	[0x300, [0x60e, [0xe18, nil]]]
0xe1aS0x5f8S0x2f9	[0x300, [0x60e, [0xe1a, nil]]]
0xd8fS0x619S0x2f9	[0x300, [0x62f, [0xd8f, nil]]]
0xd94S0x619S0x2f9	[0x300, [0x62f, [0xd94, nil]]]
0xd98S0x619S0x2f9	[0x300, [0x62f, [0xd98, nil]]]
0xd9aS0x619S0x2f9	[0x300, [0x62f, [0xd9a, nil]]]
0xdbbS0x619S0x2f9	[0x300, [0x62f, [0xdbb, nil]]]
0xdbeS0x619S0x2f9	[0x300, [0x62f, [0xdbe, nil]]]
0xdc0S0x619S0x2f9	[0x300, [0x62f, [0xdc0, nil]]]
0xdc2S0x619S0x2f9	[0x300, [0x62f, [0xdc2, nil]]]
0xdc6S0x653S0x2f9	[0x300, [0x669, [0xdc6, nil]]]
0xdcbS0x653S0x2f9	[0x300, [0x669, [0xdcb, nil]]]
0xdcfS0x653S0x2f9	[0x300, [0x669, [0xdcf, nil]]]
0xdd1S0x653S0x2f9	[0x300, [0x669, [0xdd1, nil]]]
0xde0S0x653S0x2f9	[0x300, [0x669, [0xde0, nil]]]
0xde2S0x653S0x2f9	[0x300, [0x669, [0xde2, nil]]]
0xde3S0x653S0x2f9	[0x300, [0x669, [0xde3, nil]]]
0xde6S0x653S0x2f9	[0x300, [0x669, [0xde6, nil]]]
0xde8S0x653S0x2f9	[0x300, [0x669, [0xde8, nil]]]
0xdeaS0x653S0x2f9	[0x300, [0x669, [0xdea, nil]]]
0xd57S0x6df0x5e5S0x2f9	[0x300, [0x702, [0xd57, nil]]]
0xd59S0x6df0x5e5S0x2f9	[0x300, [0x702, [0xd59, nil]]]
0xd5dS0x6df0x5e5S0x2f9	[0x300, [0x702, [0xd5d, nil]]]
0xd5eS0x6df0x5e5S0x2f9	[0x300, [0x702, [0xd5e, nil]]]
0xd5fS0x6df0x5e5S0x2f9	[0x300, [0x702, [0xd5f, nil]]]
0xd60S0x6df0x5e5S0x2f9	[0x300, [0x702, [0xd60, nil]]]
0xd69S0x6df0x5e5S0x2f9	[0x300, [0x702, [0xd69, nil]]]
0xd6bS0x6df0x5e5S0x2f9	[0x300, [0x702, [0xd6b, nil]]]
0xd6cS0x6df0x5e5S0x2f9	[0x300, [0x702, [0xd6c, nil]]]
0xd6eS0x6df0x5e5S0x2f9	[0x300, [0x702, [0xd6e, nil]]]
0xd6fS0x6df0x5e5S0x2f9	[0x300, [0x702, [0xd6f, nil]]]
0xc96fcS0x6df0x5e5S0x2f9	[0x300, [0x702, [0xc6c, nil]]]
0x71aS0x301	[0x308, [0x71a, nil]]
0x71cS0x301	[0x308, [0x71c, nil]]
0x71dS0x301	[0x308, [0x71d, nil]]
0x721S0x301	[0x308, [0x721, nil]]
0x723S0x301	[0x308, [0x723, nil]]
0x726S0x301	[0x308, [0x726, nil]]
0x728S0x301	[0x308, [0x728, nil]]
0x729S0x301	[0x308, [0x729, nil]]
0x72dS0x301	[0x308, [0x72d, nil]]
0x73bS0x301	[0x308, [0x73b, nil]]
0x73dS0x301	[0x308, [0x73d, nil]]
0x73eS0x301	[0x308, [0x73e, nil]]
0x742S0x301	[0x308, [0x742, nil]]
0x744S0x301	[0x308, [0x744, nil]]
0x747S0x301	[0x308, [0x747, nil]]
0x749S0x301	[0x308, [0x749, nil]]
0x74aS0x301	[0x308, [0x74a, nil]]
0x74eS0x301	[0x308, [0x74e, nil]]
0x775S0x301	[0x308, [0x775, nil]]
0x777S0x301	[0x308, [0x777, nil]]
0x778S0x301	[0x308, [0x778, nil]]
0x77cS0x301	[0x308, [0x77c, nil]]
0x77eS0x301	[0x308, [0x77e, nil]]
0x781S0x301	[0x308, [0x781, nil]]
0x783S0x301	[0x308, [0x783, nil]]
0x784S0x301	[0x308, [0x784, nil]]
0x788S0x301	[0x308, [0x788, nil]]
0x6dc0x707S0x301	[0x308, [0x6dc, nil]]
0x6db0x707S0x301	[0x308, [0x6db, nil]]
0x6d70x707S0x301	[0x308, [0x6d7, nil]]
0x6d60x707S0x301	[0x308, [0x6d6, nil]]
0x6c70x707S0x301	[0x308, [0x6c7, nil]]
0x708S0x301	[0x308, [0x708, nil]]
0x70aS0x301	[0x308, [0x70a, nil]]
0x70bS0x301	[0x308, [0x70b, nil]]
0x70dS0x301	[0x308, [0x70d, nil]]
0x70fS0x301	[0x308, [0x70f, nil]]
0x711S0x301	[0x308, [0x711, nil]]
0x712S0x301	[0x308, [0x712, nil]]
0x713S0x301	[0x308, [0x713, nil]]
0x714S0x301	[0x308, [0x714, nil]]
0x715S0x301	[0x308, [0x715, nil]]
0x716S0x301	[0x308, [0x716, nil]]
0x732S0x301	[0x308, [0x732, nil]]
0x734S0x301	[0x308, [0x734, nil]]
0x735S0x301	[0x308, [0x735, nil]]
0x736S0x301	[0x308, [0x736, nil]]
0x737S0x301	[0x308, [0x737, nil]]
0x87ea4S0x301	[0x308, [0x4a9, nil]]
0x87ea6S0x301	[0x308, [0x4ab, nil]]
0x87ea9S0x301	[0x308, [0x4ae, nil]]
0x753S0x301	[0x308, [0x753, nil]]
0x755S0x301	[0x308, [0x755, nil]]
0x756S0x301	[0x308, [0x756, nil]]
0x765S0x301	[0x308, [0x765, nil]]
0x76aS0x301	[0x308, [0x76a, nil]]
0x76dS0x301	[0x308, [0x76d, nil]]
0x87eccS0x301	[0x308, [0x4a9, nil]]
0x87eceS0x301	[0x308, [0x4ab, nil]]
0x87ed1S0x301	[0x308, [0x4ae, nil]]
0x76fS0x301	[0x308, [0x76f, nil]]
0x770S0x301	[0x308, [0x770, nil]]
0x771S0x301	[0x308, [0x771, nil]]
0x78dS0x301	[0x308, [0x78d, nil]]
0x78fS0x301	[0x308, [0x78f, nil]]
0x790S0x301	[0x308, [0x790, nil]]
0x795S0x301	[0x308, [0x795, nil]]
0x798S0x301	[0x308, [0x798, nil]]
0x87ef4S0x301	[0x308, [0x4a9, nil]]
0x87ef6S0x301	[0x308, [0x4ab, nil]]
0x87ef9S0x301	[0x308, [0x4ae, nil]]
0x79aS0x301	[0x308, [0x79a, nil]]
0x79dS0x301	[0x308, [0x79d, nil]]
0x79fS0x301	[0x308, [0x79f, nil]]
0x7a0S0x301	[0x308, [0x7a0, nil]]
0x7a2S0x301	[0x308, [0x7a2, nil]]
0x7a3S0x301	[0x308, [0x7a3, nil]]
0x7a5S0x301	[0x308, [0x7a5, nil]]
0x7a6S0x301	[0x308, [0x7a6, nil]]
0x7abS0x301	[0x308, [0x7ab, nil]]
0x7adS0x301	[0x308, [0x7ad, nil]]
0x7b0S0x301	[0x308, [0x7b0, nil]]
0x7b2S0x301	[0x308, [0x7b2, nil]]
0x7b4S0x301	[0x308, [0x7b4, nil]]
0x7b6S0x301	[0x308, [0x7b6, nil]]
0x7b7S0x301	[0x308, [0x7b7, nil]]
0x7baS0x301	[0x308, [0x7ba, nil]]
0x7bbS0x301	[0x308, [0x7bb, nil]]
0x7beS0x301	[0x308, [0x7be, nil]]
0x7c0S0x301	[0x308, [0x7c0, nil]]
0x7c3S0x301	[0x308, [0x7c3, nil]]
0x7c8S0x301	[0x308, [0x7c8, nil]]
0x7caS0x301	[0x308, [0x7ca, nil]]
0x7d0S0x301	[0x308, [0x7d0, nil]]
0x7d2S0x301	[0x308, [0x7d2, nil]]
0x7d3S0x301	[0x308, [0x7d3, nil]]
0x6fa0x707S0x301	[0x308, [0x6fa, nil]]
0x6ff0x707S0x301	[0x308, [0x6ff, nil]]
0x6f80x707S0x301	[0x308, [0x6f8, nil]]
0x6f30x707S0x301	[0x308, [0x6f3, nil]]
0x6f10x707S0x301	[0x308, [0x6f1, nil]]
0x6ef0x707S0x301	[0x308, [0x6ef, nil]]
0x6ee0x707S0x301	[0x308, [0x6ee, nil]]
0x6eb0x707S0x301	[0x308, [0x6eb, nil]]
0x6ea0x707S0x301	[0x308, [0x6ea, nil]]
0x6e80x707S0x301	[0x308, [0x6e8, nil]]
0x6e70x707S0x301	[0x308, [0x6e7, nil]]
0x6e60x707S0x301	[0x308, [0x6e6, nil]]
0x6e40x707S0x301	[0x308, [0x6e4, nil]]
0x6d20x707S0x301	[0x308, [0x6d2, nil]]
0x6d10x707S0x301	[0x308, [0x6d1, nil]]
0x6cf0x707S0x301	[0x308, [0x6cf, nil]]
0x6ce0x707S0x301	[0x308, [0x6ce, nil]]
0x6cd0x707S0x301	[0x308, [0x6cd, nil]]
0x6c30x707S0x301	[0x308, [0x6c3, nil]]
0x6c20x707S0x301	[0x308, [0x6c2, nil]]
0x6c00x707S0x301	[0x308, [0x6c0, nil]]
0x6bf0x707S0x301	[0x308, [0x6bf, nil]]
0x6bb0x707S0x301	[0x308, [0x6bb, nil]]
0x6b90x707S0x301	[0x308, [0x6b9, nil]]
0x6b60x707S0x301	[0x308, [0x6b6, nil]]
0x6b40x707S0x301	[0x308, [0x6b4, nil]]
0x6b20x707S0x301	[0x308, [0x6b2, nil]]
0xdeeS0x71aS0x301	[0x308, [0x730, [0xdee, nil]]]
0xdf3S0x71aS0x301	[0x308, [0x730, [0xdf3, nil]]]
0xdf7S0x71aS0x301	[0x308, [0x730, [0xdf7, nil]]]
0xdf9S0x71aS0x301	[0x308, [0x730, [0xdf9, nil]]]
0xe10S0x71aS0x301	[0x308, [0x730, [0xe10, nil]]]
0xe12S0x71aS0x301	[0x308, [0x730, [0xe12, nil]]]
0xe13S0x71aS0x301	[0x308, [0x730, [0xe13, nil]]]
0xe16S0x71aS0x301	[0x308, [0x730, [0xe16, nil]]]
0xe18S0x71aS0x301	[0x308, [0x730, [0xe18, nil]]]
0xe1aS0x71aS0x301	[0x308, [0x730, [0xe1a, nil]]]
0xd8fS0x73bS0x301	[0x308, [0x751, [0xd8f, nil]]]
0xd94S0x73bS0x301	[0x308, [0x751, [0xd94, nil]]]
0xd98S0x73bS0x301	[0x308, [0x751, [0xd98, nil]]]
0xd9aS0x73bS0x301	[0x308, [0x751, [0xd9a, nil]]]
0xdbbS0x73bS0x301	[0x308, [0x751, [0xdbb, nil]]]
0xdbeS0x73bS0x301	[0x308, [0x751, [0xdbe, nil]]]
0xdc0S0x73bS0x301	[0x308, [0x751, [0xdc0, nil]]]
0xdc2S0x73bS0x301	[0x308, [0x751, [0xdc2, nil]]]
0xdc6S0x775S0x301	[0x308, [0x78b, [0xdc6, nil]]]
0xdcbS0x775S0x301	[0x308, [0x78b, [0xdcb, nil]]]
0xdcfS0x775S0x301	[0x308, [0x78b, [0xdcf, nil]]]
0xdd1S0x775S0x301	[0x308, [0x78b, [0xdd1, nil]]]
0xde0S0x775S0x301	[0x308, [0x78b, [0xde0, nil]]]
0xde2S0x775S0x301	[0x308, [0x78b, [0xde2, nil]]]
0xde3S0x775S0x301	[0x308, [0x78b, [0xde3, nil]]]
0xde6S0x775S0x301	[0x308, [0x78b, [0xde6, nil]]]
0xde8S0x775S0x301	[0x308, [0x78b, [0xde8, nil]]]
0xdeaS0x775S0x301	[0x308, [0x78b, [0xdea, nil]]]
0xd57S0x6df0x707S0x301	[0x308, [0x702, [0xd57, nil]]]
0xd59S0x6df0x707S0x301	[0x308, [0x702, [0xd59, nil]]]
0xd5dS0x6df0x707S0x301	[0x308, [0x702, [0xd5d, nil]]]
0xd5eS0x6df0x707S0x301	[0x308, [0x702, [0xd5e, nil]]]
0xd5fS0x6df0x707S0x301	[0x308, [0x702, [0xd5f, nil]]]
0xd60S0x6df0x707S0x301	[0x308, [0x702, [0xd60, nil]]]
0xd69S0x6df0x707S0x301	[0x308, [0x702, [0xd69, nil]]]
0xd6bS0x6df0x707S0x301	[0x308, [0x702, [0xd6b, nil]]]
0xd6cS0x6df0x707S0x301	[0x308, [0x702, [0xd6c, nil]]]
0xd6eS0x6df0x707S0x301	[0x308, [0x702, [0xd6e, nil]]]
0xd6fS0x6df0x707S0x301	[0x308, [0x702, [0xd6f, nil]]]
0xc96fcS0x6df0x707S0x301	[0x308, [0x702, [0xc6c, nil]]]
0x2c0	[0x2c0, nil]
0x5c2	[0x5c2, nil]
0x91d	[0x91d, nil]
0xa80	[0xa80, nil]
0xbe7	[0xbe7, nil]
0x4d1	[0x4d1, nil]
0x821	[0x821, nil]
0x98a	[0x98a, nil]
0xaed	[0xaed, nil]
0x52a	[0x52a, nil]
0x885	[0x885, nil]
0x9e8	[0x9e8, nil]
0xb4b	[0xb4b, nil]
0x4a7	[0x4a7, nil]
0x800	[0x800, nil]
0x969	[0x969, nil]
0xacc	[0xacc, nil]
0xd55	[0xd55, nil]
0xe54	[0xe54, nil]
0x9ddae	[0xc71, nil]
0x11fd32	[0xc71, nil]
0x11fd57	[0xc71, nil]
0x300	[0x300, nil]
0x308	[0x308, nil]
0x256358	[0x211, nil]
0x256d58	[0x216, nil]
0x257758	[0x232, nil]
0x258158	[0x25d, nil]
0x258b58	[0x26f, nil]
0x259558	[0x282, nil]
0x259f58	[0x28b, nil]
0x25a958	[0x29e, nil]
0x25b358	[0x2a7, nil]
0x25bd58	[0x2b0, nil]
0x25c758	[0x2b9, nil]
0x25d158	[0x2c1, nil]
0x25db58	[0x2ca, nil]
0x25e558	[0x2d4, nil]
0x25ef58	[0x2e7, nil]
0x25f958	[0x2f0, nil]
0x260358	[0x2f9, nil]
0x260d58	[0x301, nil]
0x261758	[0x309, nil]
0x262158	[0x312, nil]
0x262b58	[0x325, nil]
0x263558	[0x32d, nil]
0x263f58	[0x33f, nil]
0x264958	[0x352, nil]
0x265358	[0x364, nil]
0x265d58	[0x36c, nil]
0x266758	[0x374, nil]
0x267158	[0x387, nil]
0x267b58	[0x390, nil]
0x268558	[0x399, nil]
0x268f58	[0x3ab, nil]
0x269958	[0x3b4, nil]
0x26a358	[0x3c6, nil]
0x26ad58	[0x3d9, nil]
0x26b758	[0x3e2, nil]
0x26c158	[0x3f4, nil]
0x21e	[0x21e, nil]
0x244	[0x244, nil]
0x26e	[0x26e, nil]
0x281	[0x281, nil]
0x28a	[0x28a, nil]
0x29d	[0x29d, nil]
0x2a6	[0x2a6, nil]
0x2af	[0x2af, nil]
0x2b8	[0x2b8, nil]
0x2c9	[0x2c9, nil]
0x2d1	[0x2d1, nil]
0x2e6	[0x2e6, nil]
0x2ef	[0x2ef, nil]
0x2f8	[0x2f8, nil]
0x311	[0x311, nil]
0x324	[0x324, nil]
0x32c	[0x32c, nil]
0x33e	[0x33e, nil]
0x351	[0x351, nil]
0x363	[0x363, nil]
0x36b	[0x36b, nil]
0x373	[0x373, nil]
0x386	[0x386, nil]
0x38f	[0x38f, nil]
0x398	[0x398, nil]
0x3aa	[0x3aa, nil]
0x3b3	[0x3b3, nil]
0x3c5	[0x3c5, nil]
0x3d8	[0x3d8, nil]
0x3e1	[0x3e1, nil]
0x3f3	[0x3f3, nil]
0x3fc	[0x3fc, nil]
0x5e4	[0x5e4, nil]
0x93f	[0x93f, nil]
0xaa2	[0xaa2, nil]
0xc09	[0xc09, nil]
0xc16	[0xc16, nil]
0xc68	[0xc68, nil]
0xc80	[0xc80, nil]
0xc8c	[0xc8c, nil]
0xcf0	[0xcf0, nil]
0xd41	[0xd41, nil]
0xe2f	[0xe2f, nil]
0xe34	[0xe34, nil]
0xe6e	[0xe6e, nil]
0xe73	[0xe73, nil]
0x4b5ac	[0x229, nil]
0x9dd89	[0xc6c, nil]
0xb3a65	[0xc6c, nil]
0xcdc1d	[0x229, nil]
0xcdc54	[0x25c, nil]
0xd2155	[0x229, nil]
0xd218c	[0x25c, nil]
0xd668d	[0x229, nil]
0xd66c4	[0x25c, nil]
0xdabc5	[0x229, nil]
0xdf0c6	[0x229, nil]
0xe35c7	[0x229, nil]
0xe7ac8	[0x229, nil]
0xe7aff	[0x25c, nil]
0xec000	[0x229, nil]
0xf0501	[0x229, nil]
0xf4a02	[0x229, nil]
0xf4a39	[0x25c, nil]
0xf8f3a	[0x229, nil]
0xf8f71	[0x25c, nil]
0xfd472	[0x229, nil]
0xfd4a9	[0x25c, nil]
0x1019aa	[0x229, nil]
0x105eab	[0x229, nil]
0x10a3ac	[0x229, nil]
0x10e8ad	[0x229, nil]
0x112dae	[0x229, nil]
0x112de5	[0x25c, nil]
0x1172e6	[0x229, nil]
0x11b7e7	[0x229, nil]
0x11fce8	[0x229, nil]
0xb	[0xb, nil]
0x2a	[0x2a, nil]
0x35	[0x35, nil]
0xb8	[0xb8, nil]
0x130	[0x130, nil]
0x13b	[0x13b, nil]
0x1b3	[0x1b3, nil]
0x490	[0x490, nil]
0x4ba	[0x4ba, nil]
0x513	[0x513, nil]
0x586	[0x586, nil]
0x595	[0x595, nil]
0x7e9	[0x7e9, nil]
0x80a	[0x80a, nil]
0x86e	[0x86e, nil]
0x8e1	[0x8e1, nil]
0x8f0	[0x8f0, nil]
0x952	[0x952, nil]
0x973	[0x973, nil]
0x9d1	[0x9d1, nil]
0xa44	[0xa44, nil]
0xa53	[0xa53, nil]
0xab5	[0xab5, nil]
0xad6	[0xad6, nil]
0xb34	[0xb34, nil]
0xbab	[0xbab, nil]
0xbba	[0xbba, nil]
0xc21	[0xc21, nil]
0xc79	[0xc79, nil]
0xc9f	[0xc9f, nil]
0xcfa	[0xcfa, nil]
0xe28	[0xe28, nil]
0xe3c	[0xe3c, nil]
0xe67	[0xe67, nil]
0x23fb38	[0x16, nil]
0x240538	[0x48, nil]
0x240f38	[0x53, nil]
0x241938	[0x5e, nil]
0x242338	[0x69, nil]
0x242d38	[0x74, nil]
0x243738	[0x84, nil]
0x244138	[0x8f, nil]
0x244b38	[0x9a, nil]
0x245538	[0xa5, nil]
0x245f38	[0xc0, nil]
0x246938	[0xcb, nil]
0x247338	[0xd6, nil]
0x247d38	[0xe1, nil]
0x248738	[0xec, nil]
0x249138	[0xfc, nil]
0x249b38	[0x107, nil]
0x24a538	[0x112, nil]
0x24af38	[0x11d, nil]
0x24b938	[0x143, nil]
0x24c338	[0x14e, nil]
0x24cd38	[0x159, nil]
0x24d738	[0x164, nil]
0x24e138	[0x16f, nil]
0x24eb38	[0x17f, nil]
0x24f538	[0x18a, nil]
0x24ff38	[0x195, nil]
0x250938	[0x1a0, nil]
0x251338	[0x1bb, nil]
0x251d38	[0x1c6, nil]
0x252738	[0x1d1, nil]
0x253138	[0x1dc, nil]
0x253b38	[0x1ec, nil]
0x254538	[0x1f7, nil]
0x254f38	[0x202, nil]
0x255938	[0x20d, nil]
0x4face	[0x2d3, nil]
0x58528	[0x2d3, nil]
0x58549	[0x2d3, nil]
0x5caa2	[0x2d3, nil]
0x654fc	[0x2d3, nil]
0x6551d	[0x2d3, nil]
0x2310x216	[0x231, nil]
0x2310x232	[0x231, nil]
0x2310x25d	[0x231, nil]
0x2310x26f	[0x231, nil]
0x2310x282	[0x231, nil]
0x2310x28b	[0x231, nil]
0x2310x29e	[0x231, nil]
0x2310x2a7	[0x231, nil]
0x2310x2b0	[0x231, nil]
0x2310x2b9	[0x231, nil]
0x2310x2c1	[0x231, nil]
0x2310x2d4	[0x231, nil]
0x2310x2e7	[0x231, nil]
0x2310x2f0	[0x231, nil]
0x2310x309	[0x231, nil]
0x2310x312	[0x231, nil]
0x2310x32d	[0x231, nil]
0x2310x33f	[0x231, nil]
0x2310x352	[0x231, nil]
0x2310x374	[0x231, nil]
0x2310x387	[0x231, nil]
0x2310x390	[0x231, nil]
0x2310x399	[0x231, nil]
0x2310x3ab	[0x231, nil]
0x2310x3b4	[0x231, nil]
0x2310x3c6	[0x231, nil]
0x2310x3d9	[0x231, nil]
0x2310x3e2	[0x231, nil]
0x2310x3f4	[0x231, nil]
0x7b	[0x7b, nil]
0xac	[0xac, nil]
0xf3	[0xf3, nil]
0x124	[0x124, nil]
0x176	[0x176, nil]
0x1a7	[0x1a7, nil]
0x1e3	[0x1e3, nil]
0x215	[0x215, nil]
0x58a	[0x58a, nil]
0x59e	[0x59e, nil]
0x8e5	[0x8e5, nil]
0x8f9	[0x8f9, nil]
0xa48	[0xa48, nil]
0xa5c	[0xa5c, nil]
0xbaf	[0xbaf, nil]
0xbc3	[0xbc3, nil]
0xe4f	[0xe4f, nil]
0x1da6	[0x4b0, nil]
0x1dce	[0x4b0, nil]
0x1df6	[0x4b0, nil]
0x1e2b	[0xe89, nil]
0x1e60	[0xe89, nil]
0x87dbb	[0x4b0, nil]
0x87de3	[0x4b0, nil]
0x87e0b	[0x4b0, nil]
0x87f23	[0x4b0, nil]
0x87f4b	[0x4b0, nil]
0x87f98	[0x4b0, nil]
0x87fc0	[0x4b0, nil]
0x87fe8	[0x4b0, nil]
0x88035	[0x4b0, nil]
0x8805d	[0x4b0, nil]
0x88085	[0x4b0, nil]
0x880d2	[0x4b0, nil]
0x49c	[0x49c, nil]
0x4c6	[0x4c6, nil]
0x51f	[0x51f, nil]
0x54e	[0x54e, nil]
0x55e	[0x55e, nil]
0x565	[0x565, nil]
0x5b5	[0x5b5, nil]
0x7f5	[0x7f5, nil]
0x816	[0x816, nil]
0x87a	[0x87a, nil]
0x8a9	[0x8a9, nil]
0x8b9	[0x8b9, nil]
0x8c0	[0x8c0, nil]
0x910	[0x910, nil]
0x95e	[0x95e, nil]
0x97f	[0x97f, nil]
0x9dd	[0x9dd, nil]
0xa0c	[0xa0c, nil]
0xa1c	[0xa1c, nil]
0xa23	[0xa23, nil]
0xa73	[0xa73, nil]
0xac1	[0xac1, nil]
0xae2	[0xae2, nil]
0xb40	[0xb40, nil]
0xb70	[0xb70, nil]
0xb82	[0xb82, nil]
0xb89	[0xb89, nil]
0xbda	[0xbda, nil]
0xc2d	[0xc2d, nil]
0xc34	[0xc34, nil]
0xc3b	[0xc3b, nil]
0xc61	[0xc61, nil]
0xcab	[0xcab, nil]
0xcb2	[0xcb2, nil]
0xcb9	[0xcb9, nil]
0xcdf	[0xcdf, nil]
0xce9	[0xce9, nil]
0xd06	[0xd06, nil]
0xd0d	[0xd0d, nil]
0xd14	[0xd14, nil]
0xd3a	[0xd3a, nil]
0xe46	[0xe46, nil]
0xe4b	[0xe4b, nil]
0x1e21	[0xe7f, nil]
0x1e26	[0xe84, nil]
0x1e56	[0xe7f, nil]
0x1e5b	[0xe84, nil]
0x470d1	[0x225, nil]
0xc9742	[0x225, nil]
0xcdc4d	[0x255, nil]
0xcdc7a	[0x225, nil]
0xd2185	[0x255, nil]
0xd21b2	[0x225, nil]
0xd66bd	[0x255, nil]
0xd66ea	[0x225, nil]
0xdabeb	[0x225, nil]
0xdf0ec	[0x225, nil]
0xe35ed	[0x225, nil]
0xe7af8	[0x255, nil]
0xe7b25	[0x225, nil]
0xec026	[0x225, nil]
0xf0527	[0x225, nil]
0xf4a32	[0x255, nil]
0xf4a5f	[0x225, nil]
0xf8f6a	[0x255, nil]
0xf8f97	[0x225, nil]
0xfd4a2	[0x255, nil]
0xfd4cf	[0x225, nil]
0x1019d0	[0x225, nil]
0x105ed1	[0x225, nil]
0x10a3d2	[0x225, nil]
0x10e8d3	[0x225, nil]
0x112dde	[0x255, nil]
0x112e0b	[0x225, nil]
0x11730c	[0x225, nil]
0x11b80d	[0x225, nil]
0x53b	[0x53b, nil]
0x5e2	[0x5e2, nil]
0x896	[0x896, nil]
0x93d	[0x93d, nil]
0x9f9	[0x9f9, nil]
0xaa0	[0xaa0, nil]
0xb5c	[0xb5c, nil]
0xc07	[0xc07, nil]
0x59a	[0x59a, nil]
0x8f5	[0x8f5, nil]
0xa58	[0xa58, nil]
0xbbf	[0xbbf, nil]
0xe1cS0x491	[0x4a7, [0xe1c, nil]]
0xdf2S0x491	[0x4a7, [0xdf2, nil]]
0xdf8S0x491	[0x4a7, [0xdf8, nil]]
0xe17S0x491	[0x4a7, [0xe17, nil]]
0xdc4S0x4bb	[0x4d1, [0xdc4, nil]]
0xd93S0x4bb	[0x4d1, [0xd93, nil]]
0xd99S0x4bb	[0x4d1, [0xd99, nil]]
0xdbfS0x4bb	[0x4d1, [0xdbf, nil]]
0xdecS0x514	[0x52a, [0xdec, nil]]
0xdcaS0x514	[0x52a, [0xdca, nil]]
0xdd0S0x514	[0x52a, [0xdd0, nil]]
0xde7S0x514	[0x52a, [0xde7, nil]]
0xe1cS0x7ea	[0x800, [0xe1c, nil]]
0xdf2S0x7ea	[0x800, [0xdf2, nil]]
0xdf8S0x7ea	[0x800, [0xdf8, nil]]
0xe17S0x7ea	[0x800, [0xe17, nil]]
0xdc4S0x80b	[0x821, [0xdc4, nil]]
0xd93S0x80b	[0x821, [0xd93, nil]]
0xd99S0x80b	[0x821, [0xd99, nil]]
0xdbfS0x80b	[0x821, [0xdbf, nil]]
0xdecS0x86f	[0x885, [0xdec, nil]]
0xdcaS0x86f	[0x885, [0xdca, nil]]
0xdd0S0x86f	[0x885, [0xdd0, nil]]
0xde7S0x86f	[0x885, [0xde7, nil]]
0xe1cS0x953	[0x969, [0xe1c, nil]]
0xdf2S0x953	[0x969, [0xdf2, nil]]
0xdf8S0x953	[0x969, [0xdf8, nil]]
0xe17S0x953	[0x969, [0xe17, nil]]
0xdc4S0x974	[0x98a, [0xdc4, nil]]
0xd93S0x974	[0x98a, [0xd93, nil]]
0xd99S0x974	[0x98a, [0xd99, nil]]
0xdbfS0x974	[0x98a, [0xdbf, nil]]
0xdecS0x9d2	[0x9e8, [0xdec, nil]]
0xdcaS0x9d2	[0x9e8, [0xdca, nil]]
0xdd0S0x9d2	[0x9e8, [0xdd0, nil]]
0xde7S0x9d2	[0x9e8, [0xde7, nil]]
0xe1cS0xab6	[0xacc, [0xe1c, nil]]
0xdf2S0xab6	[0xacc, [0xdf2, nil]]
0xdf8S0xab6	[0xacc, [0xdf8, nil]]
0xe17S0xab6	[0xacc, [0xe17, nil]]
0xdc4S0xad7	[0xaed, [0xdc4, nil]]
0xd93S0xad7	[0xaed, [0xd93, nil]]
0xd99S0xad7	[0xaed, [0xd99, nil]]
0xdbfS0xad7	[0xaed, [0xdbf, nil]]
0xdecS0xb35	[0xb4b, [0xdec, nil]]
0xdcaS0xb35	[0xb4b, [0xdca, nil]]
0xdd0S0xb35	[0xb4b, [0xdd0, nil]]
0xde7S0xb35	[0xb4b, [0xde7, nil]]
0xd63S0x59f	[0x5c2, [0xd63, nil]]
0xd72S0x59f	[0x5c2, [0xd72, nil]]
0xc971cS0x59f	[0x5c2, [0xc6c, nil]]
0x11fd7cS0x59f	[0x5c2, [0xc71, nil]]
0xd66S0x59f	[0x5c2, [0xd66, nil]]
0xd75S0x59f	[0x5c2, [0xd75, nil]]
0xd63S0x8fa	[0x91d, [0xd63, nil]]
0xd72S0x8fa	[0x91d, [0xd72, nil]]
0xc971cS0x8fa	[0x91d, [0xc6c, nil]]
0x11fd7cS0x8fa	[0x91d, [0xc71, nil]]
0xd66S0x8fa	[0x91d, [0xd66, nil]]
0xd75S0x8fa	[0x91d, [0xd75, nil]]
0xd63S0xa5d	[0xa80, [0xd63, nil]]
0xd72S0xa5d	[0xa80, [0xd72, nil]]
0xc971cS0xa5d	[0xa80, [0xc6c, nil]]
0x11fd7cS0xa5d	[0xa80, [0xc71, nil]]
0xd66S0xa5d	[0xa80, [0xd66, nil]]
0xd75S0xa5d	[0xa80, [0xd75, nil]]
0xd63S0xbc4	[0xbe7, [0xd63, nil]]
0xd72S0xbc4	[0xbe7, [0xd72, nil]]
0xc971cS0xbc4	[0xbe7, [0xc6c, nil]]
0x11fd7cS0xbc4	[0xbe7, [0xc71, nil]]
0xd66S0xbc4	[0xbe7, [0xd66, nil]]
0xd75S0xbc4	[0xbe7, [0xd75, nil]]
0x440S0x2b9	[0x2c0, [0x440, nil]]
0x454S0x2b9	[0x2c0, [0x454, nil]]
0x450S0x2b9	[0x2c0, [0x450, nil]]
0x43cS0x2b9	[0x2c0, [0x43c, nil]]
0x40dS0x2b9	[0x2c0, [0x40d, nil]]
0x413S0x2b9	[0x2c0, [0x413, nil]]
0x44bS0x2b9	[0x2c0, [0x44b, nil]]
0x478S0x2b9	[0x2c0, [0x478, nil]]
0x46bS0x2b9	[0x2c0, [0x46b, nil]]
0x47dS0x2b9	[0x2c0, [0x47d, nil]]
0xd83S0x2b9	[0x2c0, [0xd83, nil]]
0xd8dS0x2b9	[0x2c0, [0xd8d, nil]]
0xd86S0x2b9	[0x2c0, [0xd86, nil]]
0x60eS0x2f9	[0x300, [0x60e, nil]]
0x603S0x2f9	[0x300, [0x603, nil]]
0x62fS0x2f9	[0x300, [0x62f, nil]]
0x624S0x2f9	[0x300, [0x624, nil]]
0x669S0x2f9	[0x300, [0x669, nil]]
0x65eS0x2f9	[0x300, [0x65e, nil]]
0x6de0x5e5S0x2f9	[0x300, [0x6de, nil]]
0x6da0x5e5S0x2f9	[0x300, [0x6da, nil]]
0x6ca0x5e5S0x2f9	[0x300, [0x6ca, nil]]
0x5f7S0x2f9	[0x300, [0x5f7, nil]]
0x618S0x2f9	[0x300, [0x618, nil]]
0x87e33S0x2f9	[0x300, [0x4b0, nil]]
0x87e5bS0x2f9	[0x300, [0x4b0, nil]]
0x652S0x2f9	[0x300, [0x652, nil]]
0x87e83S0x2f9	[0x300, [0x4b0, nil]]
0x15f00S0x2f9	[0x300, [0x6b1, nil]]
0x68dS0x2f9	[0x300, [0x68d, nil]]
0x69dS0x2f9	[0x300, [0x69d, nil]]
0x6a4S0x2f9	[0x300, [0x6a4, nil]]
0x67aS0x2f9	[0x300, [0x67a, nil]]
0x7020x5e5S0x2f9	[0x300, [0x702, nil]]
0x6f50x5e5S0x2f9	[0x300, [0x6f5, nil]]
0x6d50x5e5S0x2f9	[0x300, [0x6d5, nil]]
0x6c60x5e5S0x2f9	[0x300, [0x6c6, nil]]
0x7060x5e5S0x2f9	[0x300, [0x706, nil]]
0xe1cS0x5f8S0x2f9	[0x300, [0x60e, [0xe1c, nil]]]
0xdf2S0x5f8S0x2f9	[0x300, [0x60e, [0xdf2, nil]]]
0xdf8S0x5f8S0x2f9	[0x300, [0x60e, [0xdf8, nil]]]
0xe17S0x5f8S0x2f9	[0x300, [0x60e, [0xe17, nil]]]
0xdc4S0x619S0x2f9	[0x300, [0x62f, [0xdc4, nil]]]
0xd93S0x619S0x2f9	[0x300, [0x62f, [0xd93, nil]]]
0xd99S0x619S0x2f9	[0x300, [0x62f, [0xd99, nil]]]
0xdbfS0x619S0x2f9	[0x300, [0x62f, [0xdbf, nil]]]
0xdecS0x653S0x2f9	[0x300, [0x669, [0xdec, nil]]]
0xdcaS0x653S0x2f9	[0x300, [0x669, [0xdca, nil]]]
0xdd0S0x653S0x2f9	[0x300, [0x669, [0xdd0, nil]]]
0xde7S0x653S0x2f9	[0x300, [0x669, [0xde7, nil]]]
0xd63S0x6df0x5e5S0x2f9	[0x300, [0x702, [0xd63, nil]]]
0xd72S0x6df0x5e5S0x2f9	[0x300, [0x702, [0xd72, nil]]]
0xc971cS0x6df0x5e5S0x2f9	[0x300, [0x702, [0xc6c, nil]]]
0x11fd7cS0x6df0x5e5S0x2f9	[0x300, [0x702, [0xc71, nil]]]
0xd66S0x6df0x5e5S0x2f9	[0x300, [0x702, [0xd66, nil]]]
0xd75S0x6df0x5e5S0x2f9	[0x300, [0x702, [0xd75, nil]]]
0x730S0x301	[0x308, [0x730, nil]]
0x725S0x301	[0x308, [0x725, nil]]
0x751S0x301	[0x308, [0x751, nil]]
0x746S0x301	[0x308, [0x746, nil]]
0x78bS0x301	[0x308, [0x78b, nil]]
0x780S0x301	[0x308, [0x780, nil]]
0x6de0x707S0x301	[0x308, [0x6de, nil]]
0x6da0x707S0x301	[0x308, [0x6da, nil]]
0x6ca0x707S0x301	[0x308, [0x6ca, nil]]
0x719S0x301	[0x308, [0x719, nil]]
0x73aS0x301	[0x308, [0x73a, nil]]
0x87eabS0x301	[0x308, [0x4b0, nil]]
0x87ed3S0x301	[0x308, [0x4b0, nil]]
0x774S0x301	[0x308, [0x774, nil]]
0x87efbS0x301	[0x308, [0x4b0, nil]]
0x7d6S0x301	[0x308, [0x7d6, nil]]
0x7afS0x301	[0x308, [0x7af, nil]]
0x7bfS0x301	[0x308, [0x7bf, nil]]
0x7c6S0x301	[0x308, [0x7c6, nil]]
0x79cS0x301	[0x308, [0x79c, nil]]
0x7020x707S0x301	[0x308, [0x702, nil]]
0x6f50x707S0x301	[0x308, [0x6f5, nil]]
0x6d50x707S0x301	[0x308, [0x6d5, nil]]
0x6c60x707S0x301	[0x308, [0x6c6, nil]]
0x7060x707S0x301	[0x308, [0x706, nil]]
0xe1cS0x71aS0x301	[0x308, [0x730, [0xe1c, nil]]]
0xdf2S0x71aS0x301	[0x308, [0x730, [0xdf2, nil]]]
0xdf8S0x71aS0x301	[0x308, [0x730, [0xdf8, nil]]]
0xe17S0x71aS0x301	[0x308, [0x730, [0xe17, nil]]]
0xdc4S0x73bS0x301	[0x308, [0x751, [0xdc4, nil]]]
0xd93S0x73bS0x301	[0x308, [0x751, [0xd93, nil]]]
0xd99S0x73bS0x301	[0x308, [0x751, [0xd99, nil]]]
0xdbfS0x73bS0x301	[0x308, [0x751, [0xdbf, nil]]]
0xdecS0x775S0x301	[0x308, [0x78b, [0xdec, nil]]]
0xdcaS0x775S0x301	[0x308, [0x78b, [0xdca, nil]]]
0xdd0S0x775S0x301	[0x308, [0x78b, [0xdd0, nil]]]
0xde7S0x775S0x301	[0x308, [0x78b, [0xde7, nil]]]
0xd63S0x6df0x707S0x301	[0x308, [0x702, [0xd63, nil]]]
0xd72S0x6df0x707S0x301	[0x308, [0x702, [0xd72, nil]]]
0xc971cS0x6df0x707S0x301	[0x308, [0x702, [0xc6c, nil]]]
0x11fd7cS0x6df0x707S0x301	[0x308, [0x702, [0xc71, nil]]]
0xd66S0x6df0x707S0x301	[0x308, [0x702, [0xd66, nil]]]
0xd75S0x6df0x707S0x301	[0x308, [0x702, [0xd75, nil]]]
