0x7c8	['VAR', '0x748arg0x0', nil]	0
0x7c8	['VAR', '0x7c0', nil]	1
0x9e0	['VAR', '0x9cf', nil]	0
0x9e0	['VAR', '0x9d5', nil]	1
0x9e7	['VAR', '0x955arg0x0', nil]	0
0x9e7	['VAR', '0x9e0', nil]	1
0xbac	['VAR', '0xb91', nil]	0
0xc00	['VAR', '0xbf2arg0x0', nil]	0
0xc00	['VAR', '0xbf8', nil]	1
0xdb7	['VAR', '0xda9', nil]	0
0xdb7	['VAR', '0xdaf', nil]	1
0xf25	['VAR', '0xf14', nil]	0
0xf25	['VAR', '0xf1a', nil]	1
0xf39	['VAR', '0xf2f', nil]	0
0xf39	['VAR', '0xf25', nil]	1
0x1231	['VAR', '0x1220', nil]	0
0x1231	['VAR', '0x1226', nil]	1
0x123a	['VAR', '0x1234', nil]	0
0x123a	['VAR', '0x1231', nil]	1
0x1690	['VAR', '0x1682', nil]	0
0x1690	['VAR', '0x1688', nil]	1
0x16be	['VAR', '0x16b0', nil]	0
0x16be	['VAR', '0x16b6', nil]	1
0x16e3	['VAR', '0x1585arg0x0', nil]	0
0x16e3	['VAR', '0x16da', nil]	1
0x1a22	['VAR', '0x1a14', nil]	0
0x1a22	['VAR', '0x1a1a', nil]	1
0x1a47	['VAR', '0x1952arg0x0', nil]	0
0x1a47	['VAR', '0x1a3e', nil]	1
0x1b03	['VAR', '0x1aecarg0x0', nil]	0
0x1b03	['VAR', '0x1afb', nil]	1
0x1b23	['VAR', '0x1aecarg0x0', nil]	0
0x1b23	['VAR', '0x1b1b', nil]	1
0x1e39	['VAR', '0x1e2b', nil]	0
0x1e39	['VAR', '0x1e31', nil]	1
0x1e5e	['VAR', '0x1aecarg0x0', nil]	0
0x1e5e	['VAR', '0x1e55', nil]	1
0x71f0x1c6c	['VAR', '0x1c6f', nil]	0
0x13b3S0x748	['VAR', '0x748arg0x0', nil]	0
0x13b3S0x748	['VAR', '0x13abV0x748', nil]	1
0x13b3S0x14bb	['VAR', '0x14bbarg0x0', nil]	0
0x13b3S0x14bb	['VAR', '0x13abV0x14bb', nil]	1
0x13d0S0x166d	['VAR', '0x1585arg0x0', nil]	0
0x13d0S0x166d	['VAR', '0x13c8V0x166d', nil]	1
0x1d69S0x1ae1	['VAR', '0x1ae1arg0x0', nil]	0
0x1d69S0x1ae1	['VAR', '0x1d61V0x1ae1', nil]	1
0x1fedS0x1ae1	['VAR', '0x1fdcV0x1ae1', nil]	0
0x1fedS0x1ae1	['VAR', '0x1fe2V0x1ae1', nil]	1
0x1ff5S0x1ae1	['VAR', '0x1fb8_0x0V0x1ae1', nil]	0
0x1ff5S0x1ae1	['VAR', '0x1fedV0x1ae1', nil]	1
0x1ffcS0x1ae1	['VAR', '0x1fedV0x1ae1', nil]	1
0x1ffcS0x1ae1	['VAR', '0x1fc8V0x1ae1', nil]	0
0x2008S0x1ae1	['VAR', '0x1ff6V0x1ae1', nil]	0
0x2008S0x1ae1	['VAR', '0x2002V0x1ae1', nil]	1
0x1fc7S0x1ae1	['VAR', '0x1ae1arg0x0', nil]	0
0x1fc7S0x1ae1	['VAR', '0x1fbfV0x1ae1', nil]	1
0x201eS0x1ae1	['VAR', '0x1ae1arg0x0', nil]	0
0x201eS0x1ae1	['VAR', '0x2013V0x1ae1', nil]	1
0x2035S0x1ae1	['VAR', '0x202cV0x1ae1', nil]	0
0x2035S0x1ae1	['VAR', '0x202fV0x1ae1', nil]	1
0x203cS0x1ae1	['VAR', '0x1fb8_0x0V0x1ae1', nil]	0
0x203cS0x1ae1	['VAR', '0x2035V0x1ae1', nil]	1
0x205fS0x1ae1	['VAR', '0x1ae1arg0x0', nil]	0
0x205fS0x1ae1	['VAR', '0x2057V0x1ae1', nil]	1
0x2082S0x1ae1	['VAR', '0x2061V0x1ae1', nil]	0
0x20a4S0x1ae1	['VAR', '0x2088V0x1ae1', nil]	0
0x20b8S0x1ae1	['VAR', '0x2084V0x1ae1', nil]	0
0x20b8S0x1ae1	['VAR', '0x20afV0x1ae1', nil]	1
0x20c0S0x1ae1	['VAR', '0x1ae1arg0x0', nil]	0
0x20c0S0x1ae1	['VAR', '0x20afV0x1ae1', nil]	1
0x20e1S0x1ae1	['VAR', '0x20c2V0x1ae1', nil]	0
0x2115S0x1ae1	['VAR', '0x2104V0x1ae1', nil]	0
0x2115S0x1ae1	['VAR', '0x210aV0x1ae1', nil]	1
0x211dS0x1ae1	['VAR', '0x20f8_0x0V0x1ae1', nil]	0
0x211dS0x1ae1	['VAR', '0x2115V0x1ae1', nil]	1
0x212bS0x1ae1	['VAR', '0x1ae1arg0x0', nil]	0
0x212bS0x1ae1	['VAR', '0x2124V0x1ae1', nil]	1
0x13b3S0x19a8	['VAR', '0x1952arg0x0', nil]	0
0x13b3S0x19a8	['VAR', '0x13abV0x19a8', nil]	1
0x13d0S0x1e16	['VAR', '0x1aecarg0x0', nil]	0
0x13d0S0x1e16	['VAR', '0x13c8V0x1e16', nil]	1
0x13b3S0x14bb0x928	['VAR', '0x928arg0x2', nil]	0
0x13b3S0x14bb0x928	['VAR', '0x13abV0x14bb0x928', nil]	1
0x21e2S0x1b16	['VAR', '0x1b23', nil]	0
0x13d0S0x8dcS0x2d4	['VAR', '0x241eV0x2c5', nil]	0
0x13d0S0x8dcS0x2d4	['VAR', '0x13c8V0x8dcV0x2d4', nil]	1
0x71f0x6b6S0x26b	['VAR', '0x6b9V0x26b', nil]	0
0x14adS0x915S0x2f6	['VAR', '0x24dcV0x2e7', nil]	0
0x14adS0x915S0x2f6	['VAR', '0x14a2V0x915V0x2f6', nil]	1
0x13b3S0x1430S0x915S0x2f6	['VAR', '0x24dcV0x2e7', nil]	0
0x13b3S0x1430S0x915S0x2f6	['VAR', '0x13abV0x1430V0x915V0x2f6', nil]	1
0x2147S0x149cS0x915S0x2f6	['VAR', '0x14adV0x915V0x2f6', nil]	0
0x2147S0xbdfS0x44e	['VAR', '0xbe6V0x44e', nil]	0
0xd0dS0x4b5	['VAR', '0xca7V0x4b5', nil]	0
0x71f0xdf1S0x51d	['VAR', '0xdf4V0x51d', nil]	0
0x186fS0xfe6S0x622	['VAR', '0x24c2V0x613', nil]	0
0x186fS0xfe6S0x622	['VAR', '0x1867V0xfe6V0x622', nil]	1
0x18d4S0xfe6S0x622	['VAR', '0x186fV0xfe6V0x622', nil]	0
0x13b3S0x17f0S0xfe6S0x622	['VAR', '0x24c2V0x613', nil]	0
0x13b3S0x17f0S0xfe6S0x622	['VAR', '0x13abV0x17f0V0xfe6V0x622', nil]	1
0x13b3S0x1c7bS0x1949S0xfe6S0x622	['VAR', '0x24c2V0x613', nil]	0
0x13b3S0x1c7bS0x1949S0xfe6S0x622	['VAR', '0x13abV0x1c7bV0x1949V0xfe6V0x622', nil]	1
