0x0	0x00000000	()
0x0	0x00000000	fallback()
0x20	0x00000020	unlock_98ABD3()
0x4	0x00000004	matchTokenOrderByAdmin_MYmNxE()
0xffffffff	0xffffffff	LOCK8605463013()
0x2	0x00000002	wipeBlockchain_EkJWPe()
0x7	0x00000007	mintToSell9630191(uint256)
0x9	0x00000009	getInitializationCodeFromContractRuntime_6CLUNS()
0xf	0x0000000f	eldddhzr(uint256[])
0x4814	0x00004814	setTokenPrices_dgw(bytes32,bytes)
0x6bc87c3a	0x6bc87c3a	_liquidityFee()
0xa69df4b5	0xa69df4b5	unlock()
0xd543dbeb	0xd543dbeb	setMaxTxPercent(uint256)
0xdd467064	0xdd467064	lock(uint256)
0xdd62ed3e	0xdd62ed3e	allowance(address,address)
0xea2f0b37	0xea2f0b37	includeInFee(address)
0xf2fde38b	0xf2fde38b	transferOwnership(address)
0xa9059cbb	0xa9059cbb	transfer(address,uint256)
0xb6c52324	0xb6c52324	geUnlockTime()
0xc3c8cd80	0xc3c8cd80	manualswap()
0xc49b9a80	0xc49b9a80	setSwapAndLiquifyEnabled(bool)
0x88f82020	0x88f82020	isExcludedFromReward(address)
0x8da5cb5b	0x8da5cb5b	owner()
0x8ee88c53	0x8ee88c53	setLiquidityFeePercent(uint256)
0x95d89b41	0x95d89b41	symbol()
0xa457c2d7	0xa457c2d7	decreaseAllowance(address,uint256)
0x6fc3eaec	0x6fc3eaec	manualsend()
0x70a08231	0x70a08231	balanceOf(address)
0x715018a6	0x715018a6	renounceOwnership()
0x7d1db4a5	0x7d1db4a5	_maxTxAmount()
0x3685d419	0x3685d419	includeInReward(address)
0x4549b039	0x4549b039	reflectionFromToken(uint256,bool)
0x49bd5a5e	0x49bd5a5e	uniswapV2Pair()
0x4a74bb02	0x4a74bb02	swapAndLiquifyEnabled()
0x52390c02	0x52390c02	excludeFromReward(address)
0x5342acb4	0x5342acb4	isExcludedFromFee(address)
0x39509351	0x39509351	increaseAllowance(address,uint256)
0x3b124fe7	0x3b124fe7	_taxFee()
0x3bd5d173	0x3bd5d173	deliver(uint256)
0x437823ec	0x437823ec	excludeFromFee(address)
0x1694505e	0x1694505e	uniswapV2Router()
0x18160ddd	0x18160ddd	totalSupply()
0x23b872dd	0x23b872dd	transferFrom(address,address,uint256)
0x2d838119	0x2d838119	tokenFromReflection(uint256)
0x313ce567	0x313ce567	decimals()
0x61c82d0	0x061c82d0	setTaxFeePercent(uint256)
0x6fdde03	0x06fdde03	name()
0x95ea7b3	0x095ea7b3	approve(address,uint256)
0x13114a9d	0x13114a9d	totalFees()
0xffffffffffffffffffffffffffffffffffffffff	0xffffffff	LOCK8605463013()
0x8c379a000000000000000000000000000000000000000000000000000000000	0x08c379a0	Error(string)
0xffffffffffffffff	0xffffffff	LOCK8605463013()
0xad5c4648	0xad5c4648	WETH()
0x791ac947	0x791ac947	swapExactTokensForETHSupportingFeeOnTransferTokens(uint256,uint256,address[],address,uint256)
0xf305d719	0xf305d719	addLiquidityETH(address,uint256,uint256,uint256,address,uint256)
0x11	0x00000011	nothingToSeeHere_04ikDO9()
0x4e487b7100000000000000000000000000000000000000000000000000000000	0x4e487b71	Panic(uint256)
0x32	0x00000032	testMint_139E1071()
0xffffffffffffffffffffffffffffffffffffffffffffffffffffffffffffffff	0xffffffff	LOCK8605463013()
0x21	0x00000021	Brrrrrrrrrrr_VXdAle()
0xffffffffffffffffffffffffffffffffffffffffffffffffffffffffffffffe0	0xffffffff	LOCK8605463013()
0xad5c464800000000000000000000000000000000000000000000000000000000	0xad5c4648	WETH()
0x791ac94700000000000000000000000000000000000000000000000000000000	0x791ac947	swapExactTokensForETHSupportingFeeOnTransferTokens(uint256,uint256,address[],address,uint256)
0xffffffffffffffffffffffffffffffffffffffffffffffffffffffffffffff00	0xffffffff	LOCK8605463013()
0xffffffffffffffffffffffff0000000000000000000000000000000000000000	0xffffffff	LOCK8605463013()
0xffffffffffffffffffffffffffffffffffffffffffffffffffffffffffff00ff	0xffffffff	LOCK8605463013()
