0x71aec636243f9709bb0007ae15e9afb8150ab01716d75fd7573be5cc096e03b0	ActionPaused(address,string,bool)
0xef159d9a32b2472e32b098f954f3ce62d232939f1c207070b584df1814de2de0	ActionPaused(string,bool)
0x3b9670cf975d26958e754b57098eaa2ac914d8d2a31b83257997b9f346110fd9	NewCloseFactor(uint256,uint256)
0xeda98690e518e9a05f8ec6837663e188211b2da8f4906648b323f2c1d4434e29	NewBorrowCapGuardian(address,address)
0xaeba5a6c40a8ac138134bff1aaa65debf25971188a58804bad717f82f0ec1316	NewLiquidationIncentive(uint256,uint256)
0xd52b2b9b7e9ee655fcb95d2e5b9e0c9f69e7ef2b8e9d2d0ea78402d576d22e22	NewPriceOracle(address,address)
0x6f1951b2aad10f3fc81b86d91105b413a5b3f847a34bbc5ce1904201b14438f6	NewBorrowCap(address,uint256)
0x6e9d2b8b840127deff4a063ba859a8332e7348acb7d6270289992d0dd26fd048	NewDflKeeper(address,address)
0xcf583bb0c569eb967f806b11601c4cb93c10310485c67add5f8362c2f212321f	MarketListed(address)
0x7a90e8c6b720d3c60f550ff6563d014a3663d167a738fcc394125bb7c36fd9fa	ClaimedDFL(address,address,uint256)
0x70483e6592cd5182d45ac970e05bc62cdcc90e9d8ef2c2dbe686cf383bcd7fc5	NewCollateralFactor(address,uint256,uint256)
0xe699a64c18b07ac5b7301aa273f36a2287239eb9501d81950672794afba29a0d	MarketExited(address,address)
0x4c27175f19594c2264b1c96e56e7fb33e0ebf756616342efe2c03d4ffa87f1b4	NewDflKeeperFactor(uint256,uint256)
0x3ab23ab0d51cccc0c3085aec51f99228625aa1a922b3a8ca89a26b0f2027a1a5	MarketEntered(address,address)
0x5e94405b586efccc5c0d23631f616fc670911549128926aeefbcb49e5d73020e	DistributedSupplierDFL(address,address,uint256,uint256)
0x45b96fe442630264581b197e84bbada861235052c5a1aadfff9ea4e40a969aa0	Failure(uint256,uint256,uint256)
0x6f6ed738a0232355ed5a53cb43136bcd218eda66e72505dc55b34692ddf71d28	AccrueDFL(uint256,uint256)
