[0xff5e1ec7, nil]
[0x00000000, nil]
[0x95d89b41, nil]
[0x70a08231, nil]
[0x23ac0381, nil]
[0xa457c2d7, nil]
[0x6fdde03, nil]
[0x7a43e23f, nil]
[0x23b872dd, nil]
[0x95d89b41, [0x30c, nil]]
[0xa9059cbb, nil]
[0x95ea7b3, nil]
[0x70a08231, [0x26a, nil]]
[0x23ac0381, [0x1c6, nil]]
[0x8cc8af1a, nil]
[0x313ce567, nil]
[0xa457c2d7, [0x314, nil]]
[0x6fdde03, [0xef, nil]]
[0xdd62ed3e, nil]
[0x18160ddd, nil]
[0x7a43e23f, [0x290, nil]]
[0x23b872dd, [0x1ea, nil]]
[0x39509351, nil]
[0xa9059cbb, [0x340, nil]]
[0x95ea7b3, [0x16c, nil]]
[0x70a08231, [0x69b, [0x26a, nil]]]
[0x8cc8af1a, [0x2b3, nil]]
[0x313ce567, [0x220, nil]]
[0xdd62ed3e, [0x36c, nil]]
[0x18160ddd, [0x1ac, nil]]
[0x39509351, [0x23e, nil]]
[0xa457c2d7, [0xbc7, [0x314, nil]]]
[0x70a08231, [0xe6f, [0x69b, [0x26a, nil]]]]
[0x8cc8af1a, [0x804, [0x2b3, nil]]]
[0x39509351, [0x602, [0x23e, nil]]]
[0x23b872dd, [0x4d8, [0x1ea, nil]]]
[0xa9059cbb, [0xc8e, [0x340, nil]]]
[0x7a43e23f, [0x733, [0x290, nil]]]
[0xa457c2d7, [0xd73, [0xbc7, [0x314, nil]]]]
[0x7a43e23f, [0x755, [0x290, nil]]]
[0x23b872dd, [0xd73, [0x4d8, [0x1ea, nil]]]]
[0x8cc8af1a, [0x88a, [0x2b3, nil]]]
[0xa9059cbb, [0xca5, [0x340, nil]]]
[0x7a43e23f, [0xed2, [0x733, [0x290, nil]]]]
[0x23b872dd, [0x50c, [0x1ea, nil]]]
[0x7a43e23f, [0x789, [0x290, nil]]]
[0xa9059cbb, [0xd73, [0xca5, [0x340, nil]]]]
[0x7a43e23f, [0xd73, [0xed2, [0x733, [0x290, nil]]]]]
[0x7a43e23f, [0xe6f, [0x789, [0x290, nil]]]]
[0x23b872dd, [0x547, [0x1ea, nil]]]
[0xa9059cbb, [0xcc8, [0x340, nil]]]
[0x23b872dd, [0xd73, [0x547, [0x1ea, nil]]]]
[0x8cc8af1a, [0x8b8, [0x2b3, nil]]]
[0x23b872dd, [0x573, [0x1ea, nil]]]
[0x8cc8af1a, [0x8c0, [0x2b3, nil]]]
[0x8cc8af1a, [0xe6f, [0x8c0, [0x2b3, nil]]]]
[0x8cc8af1a, [0x8dd, [0x2b3, nil]]]
[0x8cc8af1a, [0x91b, [0x2b3, nil]]]
[0x8cc8af1a, [0x931, [0x2b3, nil]]]
[0x8cc8af1a, [0x950, [0x2b3, nil]]]
[0x8cc8af1a, [0x96a, [0x2b3, nil]]]
[0x8cc8af1a, [0x989, [0x2b3, nil]]]
[0x8cc8af1a, [0x9a3, [0x2b3, nil]]]
[0x8cc8af1a, [0x9c2, [0x2b3, nil]]]
[0x7a43e23f, [0x22ca1, [0x733, [0x290, nil]]]]
[0x8cc8af1a, [0x22c55, [0x88a, [0x2b3, nil]]]]
[0x7a43e23f, [0xd73, [0x22ca1, [0x733, [0x290, nil]]]]]
[0x8cc8af1a, [0x22c55, [0x22c55, [0x88a, [0x2b3, nil]]]]]
[0x8cc8af1a, [0x22c0a, [0x8dd, [0x2b3, nil]]]]
[0x8cc8af1a, [0x22c2f, [0x8dd, [0x2b3, nil]]]]
[0x8cc8af1a, [0xe6f, [0x22c0a, [0x8dd, [0x2b3, nil]]]]]
[0x8cc8af1a, [0xe6f, [0x22c2f, [0x8dd, [0x2b3, nil]]]]]
[0x8cc8af1a, [0x22c0a, [0x931, [0x2b3, nil]]]]
[0x8cc8af1a, [0x22c2f, [0x931, [0x2b3, nil]]]]
[0x8cc8af1a, [0xe6f, [0x22c0a, [0x931, [0x2b3, nil]]]]]
[0x8cc8af1a, [0xe6f, [0x22c2f, [0x931, [0x2b3, nil]]]]]
[0x8cc8af1a, [0x22c0a, [0x96a, [0x2b3, nil]]]]
[0x8cc8af1a, [0x22c2f, [0x96a, [0x2b3, nil]]]]
[0x8cc8af1a, [0xe6f, [0x22c0a, [0x96a, [0x2b3, nil]]]]]
[0x8cc8af1a, [0xe6f, [0x22c2f, [0x96a, [0x2b3, nil]]]]]
[0x8cc8af1a, [0x22c0a, [0x9a3, [0x2b3, nil]]]]
[0x8cc8af1a, [0x22c2f, [0x9a3, [0x2b3, nil]]]]
[0x8cc8af1a, [0xe6f, [0x22c0a, [0x9a3, [0x2b3, nil]]]]]
[0x8cc8af1a, [0xe6f, [0x22c2f, [0x9a3, [0x2b3, nil]]]]]
